milestone_id,work_id,stage,captured_at,photo_phash,photo_exif_lat,photo_exif_lon,declared_category
MS000001,WRK00001,before,2021-10-13,37f8a88b17fc695a,26.927151,74.696495,Water Supply
MS000002,WRK00001,during,2021-11-27,d2f77d5dfec5ea47,26.926327,74.69662,Water Supply
MS000003,WRK00001,after,2022-02-10,2e2cb8506b17bd75,26.926508,74.695763,Water Supply
MS000004,WRK00002,before,2022-07-24,f50bea63371ecd7b,24.937484,80.311491,Drainage Works
MS000005,WRK00003,before,2021-03-30,3139d32c93cd59bf,26.974623,76.798355,Community Hall
MS000006,WRK00003,during,2021-05-28,af2c20ac953922c0,26.974905,76.798093,Community Hall
MS000007,WRK00004,before,2023-02-18,2bcfbe01a28defe3,24.507924,71.849126,Water Supply
MS000008,WRK00004,during,2023-04-09,65c62548b169fded,24.50872,71.849742,Water Supply
MS000009,WRK00005,before,2022-10-27,10f1bc81448aaa9e,24.993587,89.902606,Sports Facility
MS000010,WRK00006,before,2023-07-29,956269f0e5d7b875,22.681943,69.780916,Anganwadi Centre
MS000011,WRK00006,during,2023-09-12,0d5740850f0a6450,22.682053,69.781133,Anganwadi Centre
MS000012,WRK00006,after,2023-11-26,5ab383c9e88188c3,22.683007,69.78223,Anganwadi Centre
MS000013,WRK00007,before,2021-08-13,8da0365bf89897b9,17.36494,81.782625,Road Construction
MS000014,WRK00007,during,2021-10-10,40efa857015f566c,17.364646,81.781979,Road Construction
MS000015,WRK00008,before,2022-11-28,2dbc2134c30ff46e,23.024052,75.854677,Water Supply
MS000016,WRK00008,during,2023-01-12,f7d2a2ee21da5db1,23.02393,75.853693,Water Supply
MS000017,WRK00008,after,2023-03-28,42a279502deb5687,23.022891,75.854399,Water Supply
MS000018,WRK00009,before,2023-02-05,04fc6d827d154385,29.641294,77.58269,Library Building
MS000019,WRK00009,during,2023-03-22,513bb65c16f32b93,29.641827,77.582632,Library Building
MS000020,WRK00009,after,2023-06-05,1de95c7242a9f7e5,29.641257,77.583534,Library Building
MS000021,WRK00010,before,2021-06-11,8715a10343dac043,23.90601,75.306333,Road Construction
MS000022,WRK00010,during,2021-08-01,5c4fc55ebf715a28,23.906089,75.305466,Road Construction
MS000023,WRK00011,before,2023-02-04,38602ab696a402f2,18.107866,81.52848,Health Centre
MS000024,WRK00012,before,2021-05-26,3e3511287900f7f9,22.721526,86.342111,Road Construction
MS000025,WRK00012,during,2021-07-10,6f8ef978502171bd,22.721714,86.342192,Road Construction
MS000026,WRK00012,after,2021-09-23,7dc42f12fe9bd0e1,22.721529,86.341936,Road Construction
MS000027,WRK00013,before,2023-04-22,310c0c003fa7f104,27.653001,70.033647,Drainage Works
MS000028,WRK00014,before,2021-06-04,17e011b7f8102383,20.22265,73.411958,Street Lighting
MS000029,WRK00015,before,2023-04-02,b253d2186c4a37ea,27.731718,96.966018,Anganwadi Centre
MS000030,WRK00015,during,2023-05-17,7862246c092e44b7,27.731878,96.966791,Anganwadi Centre
MS000031,WRK00015,after,2023-07-31,1db3c0756fb9de37,27.732935,96.967151,Anganwadi Centre
MS000032,WRK00016,before,2021-04-30,f5f59b220e8fa8e0,30.450343,77.321896,School Building
MS000033,WRK00016,during,2021-05-22,7c3609088f942977,30.450366,77.320435,School Building
MS000034,WRK00017,before,2022-05-20,b758588dab73295b,30.225572,78.706618,Water Supply
MS000035,WRK00017,during,2022-06-18,48bbdb12de4097c3,30.225654,78.706742,Water Supply
MS000036,WRK00018,before,2021-05-29,3e896c64e117dac3,26.642834,70.66572,Health Centre
MS000037,WRK00018,during,2021-07-20,95eef45ca9c3640d,26.641957,70.666419,Health Centre
MS000038,WRK00019,before,2023-12-20,8da01097be0f051b,22.306901,82.219286,Library Building
MS000039,WRK00019,during,2024-01-09,eba0330c6a9a6f4b,22.306256,82.219593,Library Building
MS000040,WRK00020,before,2022-05-30,430f801dfad409e2,21.372983,68.12329,Water Supply
MS000041,WRK00020,during,2022-07-14,48c6a7ed06a574ec,21.37299,68.122971,Water Supply
MS000042,WRK00020,after,2022-09-27,5fa1846864e84ffc,21.372859,68.123388,Water Supply
MS000043,WRK00021,before,2021-11-02,e623a6895d59cd2a,28.202807,94.035177,Bridge Construction
MS000044,WRK00021,during,2021-12-17,75d1d77614c08f6d,28.202798,94.036002,Bridge Construction
MS000045,WRK00021,after,2022-03-02,a0dbfca2743cfb6b,28.202977,94.035896,Bridge Construction
MS000046,WRK00022,before,2022-12-26,698c206fe1a47e10,17.980102,75.088303,Water Supply
MS000047,WRK00022,during,2023-01-15,f36deb139f534d9a,17.98028,75.089668,Water Supply
MS000048,WRK00023,before,2021-08-10,a8f7ef5a060edf5b,29.264229,93.563655,Water Supply
MS000049,WRK00024,before,2023-03-30,fbc9f87af668a617,24.650148,84.474459,Community Hall
MS000050,WRK00025,before,2023-11-14,f0b5156bb82c9074,14.552836,76.391312,Drainage Works
MS000051,WRK00025,during,2023-12-07,0e378b07cc535c3e,14.552753,76.391704,Drainage Works
MS000052,WRK00026,before,2021-09-13,6ba25efe311c6eb6,27.546077,95.61287,Health Centre
MS000053,WRK00027,before,2021-01-01,acf5e81e71316269,18.731566,78.033663,Cremation Ground
MS000054,WRK00027,during,2021-02-15,dd926cbfc5583a17,18.731773,78.033329,Cremation Ground
MS000055,WRK00027,after,2021-05-01,29b67b14354e15ec,18.731758,78.033909,Cremation Ground
MS000056,WRK00028,before,2022-11-18,0640be0f25b8fd4b,19.656358,78.184898,Health Centre
MS000057,WRK00029,before,2022-02-03,2d06e8cf3805f907,28.163832,77.142126,Drainage Works
MS000058,WRK00029,during,2022-03-04,bc633d6c6eaf0a90,28.164817,77.141831,Drainage Works
MS000059,WRK00030,before,2021-09-06,d0a444329cd6c852,10.968378,78.546946,Water Supply
MS000060,WRK00030,during,2021-10-21,189ac35daa5f89ca,10.968589,78.547505,Water Supply
MS000061,WRK00030,after,2022-01-04,7208838e7d57ef69,10.968666,78.547452,Water Supply
MS000062,WRK00031,before,2023-08-31,3d3f3799a07295e9,20.860866,86.071345,School Building
MS000063,WRK00031,during,2023-10-15,6c2b5781c1a95ee2,20.861222,86.071638,School Building
MS000064,WRK00031,after,2023-12-29,a174a7856f2190cb,20.860669,86.070756,School Building
MS000065,WRK00032,before,2021-06-15,8ae8905b54b4a482,22.370763,86.67715,Health Centre
MS000066,WRK00032,during,2021-07-30,a5c9cf20396726aa,22.371258,86.676671,Health Centre
MS000067,WRK00032,after,2021-10-13,86fbbcdb7ecd7062,22.371176,86.677245,Health Centre
MS000068,WRK00033,before,2021-02-10,bc10fa52bf5d2fdf,27.465931,93.800239,Cremation Ground
MS000069,WRK00033,during,2021-03-20,7a44bd05cd320878,27.46569,93.801705,Cremation Ground
MS000070,WRK00034,before,2021-03-01,e82c7d7b06e745f9,31.702661,76.133974,Water Supply
MS000071,WRK00034,during,2021-04-09,918b8e184ba4af25,31.70152,76.13322,Water Supply
MS000072,WRK00035,before,2022-01-08,f3821cfdc083b73a,26.854892,79.664372,Bridge Construction
MS000073,WRK00035,during,2022-02-22,69bba3c46cc721f0,26.854963,79.665263,Bridge Construction
MS000074,WRK00035,after,2022-05-08,d01548989187c9a0,26.855192,79.664609,Bridge Construction
MS000075,WRK00036,before,2022-12-18,205004943d114802,31.042236,78.552567,Sports Facility
MS000076,WRK00036,during,2023-01-12,a95d3271bd9277a4,31.041797,78.553858,Sports Facility
MS000077,WRK00037,before,2021-08-23,ad66a1bd93676a02,27.387599,83.839758,Community Hall
MS000078,WRK00038,before,2022-05-13,8861fe1858e25888,29.136474,83.150994,Cremation Ground
MS000079,WRK00038,during,2022-06-28,b95e44e3965349ee,29.135867,83.151607,Cremation Ground
MS000080,WRK00039,before,2021-08-05,eb6c1016cee624d0,20.910408,71.438818,Drainage Works
MS000081,WRK00040,before,2021-06-27,7cd0129d2e8d0e87,31.505236,74.843456,Health Centre
MS000082,WRK00041,before,2023-11-25,7da67785b63b4dc3,10.73787,79.383831,Water Supply
MS000083,WRK00041,during,2024-01-09,fb708dd7bf3d5023,10.73847,79.384836,Water Supply
MS000084,WRK00041,after,2024-03-24,6f0d72291b387c72,10.738369,79.383569,Water Supply
MS000085,WRK00042,before,2023-01-26,405bfdc94e7ed827,24.636514,87.242669,Water Supply
MS000086,WRK00042,during,2023-02-22,b11a369675cd3e5c,24.637078,87.242672,Water Supply
MS000087,WRK00043,before,2023-09-19,88bd13d1b540b30e,25.1333,72.67544,School Building
MS000088,WRK00043,during,2023-11-16,f952f1e8d029733c,25.133143,72.676056,School Building
MS000089,WRK00044,before,2023-10-03,d2762bdc1d34d08e,19.436054,87.289803,Bridge Construction
MS000090,WRK00045,before,2022-09-15,7354ea6f61607459,11.374553,79.520506,Bridge Construction
MS000091,WRK00046,before,2021-07-23,2812859a1337739e,28.514718,92.426131,Cremation Ground
MS000092,WRK00046,during,2021-09-06,04110e35d0e34b2b,28.515524,92.426127,Cremation Ground
MS000093,WRK00046,after,2021-11-20,3590103906dd5e19,28.515215,92.426057,Cremation Ground
MS000094,WRK00047,before,2022-08-03,ef04e57dcdccc33a,31.093293,78.390816,Road Construction
MS000095,WRK00048,before,2021-12-06,7e695d0d8a3c3b5e,25.425021,88.668591,Bridge Construction
MS000096,WRK00048,during,2022-01-29,25ee2f0f76a30eb0,25.425428,88.668147,Bridge Construction
MS000097,WRK00049,before,2021-07-07,a6c9537f84dad06a,28.270636,96.001776,Library Building
MS000098,WRK00050,before,2023-04-17,746f78910964fbbf,27.794438,94.423221,Road Construction
MS000099,WRK00050,during,2023-06-04,73137fa5dc1b9eb1,27.793893,94.422782,Road Construction
MS000100,WRK00051,before,2021-04-22,e17f29e170286046,24.30176,91.382283,Sports Facility
MS000101,WRK00051,during,2021-06-17,02040c8155773297,24.300715,91.383002,Sports Facility
MS000102,WRK00052,before,2021-01-29,b77350caeec259dc,29.946598,78.01171,School Building
MS000103,WRK00052,during,2021-03-17,9423251ebcb12a00,29.946047,78.011222,School Building
MS000104,WRK00053,before,2021-10-24,ca3dd859c5ce099c,32.538577,76.164107,Water Supply
MS000105,WRK00053,during,2021-12-08,836b47c37c711cc8,32.539009,76.164318,Water Supply
MS000106,WRK00053,after,2022-02-21,e7b2df91adbd2e33,32.539333,76.164107,Water Supply
MS000107,WRK00054,before,2022-09-04,749176f46090d697,18.008221,78.787452,Road Construction
MS000108,WRK00054,during,2022-09-27,8da22a3950db8e34,18.007553,78.788164,Road Construction
MS000109,WRK00055,before,2023-04-22,097a1e10f6febc0e,23.673577,89.851896,Drainage Works
MS000110,WRK00055,during,2023-06-07,f05ff9c39f690cde,23.673228,89.852416,Drainage Works
MS000111,WRK00056,before,2023-07-25,b15516bc9f8ded97,24.110712,73.631183,Bridge Construction
MS000112,WRK00056,during,2023-09-10,7820242631341ab8,24.111177,73.631095,Bridge Construction
MS000113,WRK00057,before,2023-09-27,6f18c1081723199d,20.82917,87.018297,Health Centre
MS000114,WRK00057,during,2023-11-11,ebf6dd3256d2bb12,20.82972,87.018195,Health Centre
MS000115,WRK00057,after,2024-01-25,77ed78d9a82e6889,20.829043,87.01735,Health Centre
MS000116,WRK00058,before,2021-03-01,cae28e66ae8a7813,26.101606,71.64947,School Building
MS000117,WRK00058,during,2021-04-14,a70a409dac50c260,26.101282,71.649411,School Building
MS000118,WRK00059,before,2021-10-21,287117338beddb12,24.136825,94.768845,Anganwadi Centre
MS000119,WRK00059,during,2021-11-20,1610ac0abfcf214e,24.13689,94.768604,Anganwadi Centre
MS000120,WRK00060,before,2022-09-11,d47d577bfa5a91ca,27.117411,74.558516,Water Supply
MS000121,WRK00061,before,2022-08-10,ad81f8bd402913ec,11.377577,77.679625,Anganwadi Centre
MS000122,WRK00062,before,2023-06-22,8a16a06cc958e75e,23.362017,87.503108,Road Construction
MS000123,WRK00062,during,2023-08-12,ffcf956e0c0b6cd1,23.361606,87.504159,Road Construction
MS000124,WRK00063,before,2023-09-14,aca5e2fdb966442a,13.299878,76.790699,Water Supply
MS000125,WRK00063,during,2023-10-26,e4fb2a3bdc05ae03,13.299629,76.791632,Water Supply
MS000126,WRK00064,before,2021-01-29,3bdbc09eacc216a0,21.027136,84.965998,Road Construction
MS000127,WRK00064,during,2021-03-11,8fde042a1ee56930,21.026839,84.965444,Road Construction
MS000128,WRK00065,before,2023-08-09,3c1bdacc18e19331,24.453212,70.048358,Water Supply
MS000129,WRK00065,during,2023-09-19,e0b1d762c524f047,24.452885,70.048559,Water Supply
MS000130,WRK00066,before,2021-11-13,71d7966571818dcf,18.160801,74.149896,Cremation Ground
MS000131,WRK00066,during,2022-01-04,ed37c2ce0ce87570,18.161292,74.150947,Cremation Ground
MS000132,WRK00067,before,2022-01-24,5560db22c96b5edb,15.992596,76.747253,Road Construction
MS000133,WRK00068,before,2022-03-19,402adf9c8a4b8f7c,23.918836,83.624059,Sports Facility
MS000134,WRK00068,during,2022-04-14,f287b989dbbf46ed,23.917859,83.623985,Sports Facility
MS000135,WRK00069,before,2022-05-03,c72c1fe372c22a16,19.604711,76.966708,Road Construction
MS000136,WRK00069,during,2022-06-24,34943114def14d58,19.605869,76.965987,Road Construction
MS000137,WRK00070,before,2023-12-04,e8e22743b65feea9,19.274223,79.161258,Library Building
MS000138,WRK00070,during,2024-01-11,bb88854e7f968d71,19.274457,79.160333,Library Building
MS000139,WRK00071,before,2022-10-28,e0b15abaa6a27967,30.334456,77.947656,Road Construction
MS000140,WRK00072,before,2023-07-18,79699ed2ec48bf55,28.529314,93.708276,Water Supply
MS000141,WRK00072,during,2023-08-14,c4eb8e5d6a6e94cf,28.5292,93.707959,Water Supply
MS000142,WRK00073,before,2021-05-03,f7e8f8e50d2b91ef,27.791789,96.654025,Community Hall
MS000143,WRK00074,before,2022-04-05,accb461a9d132363,31.221828,76.301993,Bridge Construction
MS000144,WRK00074,during,2022-05-27,c13d8929b717548d,31.222178,76.302604,Bridge Construction
MS000145,WRK00075,before,2022-09-25,87cdb6a1bf012e32,11.64916,76.492631,School Building
MS000146,WRK00075,during,2022-10-30,c986f8936bf5fc98,11.64927,76.492702,School Building
MS000147,WRK00076,before,2021-06-23,7c54535f6c8c3b6a,15.868593,73.276991,Health Centre
MS000148,WRK00076,during,2021-08-07,f3abd2467570d730,15.869223,73.277567,Health Centre
MS000149,WRK00076,after,2021-10-21,f198f62e5c9d3ead,15.868041,73.276597,Health Centre
MS000150,WRK00077,before,2022-08-04,345512f701f7c7ec,15.986524,79.018238,Community Hall
MS000151,WRK00077,during,2022-08-24,15b4066e11d012a7,15.985979,79.018065,Community Hall
MS000152,WRK00078,before,2023-10-16,dc9c96de65a674c2,9.342503,78.546484,Health Centre
MS000153,WRK00078,during,2023-11-15,a9014e33097ef98d,9.343205,78.546131,Health Centre
MS000154,WRK00079,before,2023-04-09,b08a4895d4ffa666,30.179662,78.406455,Cremation Ground
MS000155,WRK00079,during,2023-06-04,cc8fe6ceb69f627c,30.180528,78.406269,Cremation Ground
MS000156,WRK00080,before,2023-12-10,87d5b7be1d30d990,25.397978,70.980182,Drainage Works
MS000157,WRK00080,during,2024-01-17,8db969afb366ffd1,25.398631,70.979921,Drainage Works
MS000158,WRK00081,before,2022-06-09,9050f7efc1235c91,16.813799,74.346391,Water Supply
MS000159,WRK00081,during,2022-07-24,479fb5f3d3b68150,16.814642,74.346791,Water Supply
MS000160,WRK00081,after,2022-10-07,b34689992598bc54,16.813929,74.346841,Water Supply
MS000161,WRK00082,before,2021-05-20,09a0a0f673b0a091,29.668695,75.372939,Health Centre
MS000162,WRK00082,during,2021-07-13,b28d750671305648,29.668294,75.37326,Health Centre
MS000163,WRK00083,before,2023-08-06,269ed4c980599b93,27.616164,78.531238,Library Building
MS000164,WRK00083,during,2023-09-20,0976e09f15936f42,27.615822,78.530442,Library Building
MS000165,WRK00084,before,2021-03-22,c643530068a51c68,20.830262,70.486316,Boundary Wall
MS000166,WRK00084,during,2021-04-19,17c305fc36b74e27,20.83025,70.485964,Boundary Wall
MS000167,WRK00085,before,2023-03-03,952e6abb14dd5061,24.536057,71.957499,Health Centre
MS000168,WRK00085,during,2023-04-17,0723e11e05fef7bc,24.536847,71.957348,Health Centre
MS000169,WRK00085,after,2023-07-01,3dc8719c4239850b,24.536764,71.956975,Health Centre
MS000170,WRK00086,before,2021-06-23,aba301cba561e1e9,26.84174,95.666156,Library Building
MS000171,WRK00086,during,2021-08-09,d77203300f589a93,26.840857,95.666989,Library Building
MS000172,WRK00087,before,2023-09-23,8a2e6a93c5580bb2,23.55538,76.930261,School Building
MS000173,WRK00087,during,2023-11-07,f0fbdb65a6a5790a,23.55505,76.930653,School Building
MS000174,WRK00087,after,2024-01-21,0155aa51bca2c581,23.555522,76.931727,School Building
MS000175,WRK00088,before,2021-11-12,5d42b9e9692e07b6,22.974245,73.877761,Bridge Construction
MS000176,WRK00088,during,2021-12-27,b6f31d0290cafac3,22.974373,73.877197,Bridge Construction
MS000177,WRK00088,after,2022-03-12,d830dffe88859ae5,22.973943,73.876764,Bridge Construction
MS000178,WRK00089,before,2022-05-05,61c2645ac7332304,31.256941,81.046018,Street Lighting
MS000179,WRK00090,before,2021-04-17,c35b9fea1578d709,28.524354,81.021262,Bridge Construction
MS000180,WRK00090,during,2021-06-12,bccd9b8c8508df91,28.523743,81.020629,Bridge Construction
MS000181,WRK00091,before,2022-03-31,07374c86397b5f51,24.361559,86.767199,Road Construction
MS000182,WRK00092,before,2023-08-26,144823f7e7e646c7,23.59047,71.101674,Bridge Construction
MS000183,WRK00093,before,2022-05-02,e7b7b4c6d6312a80,20.867272,85.199649,Bridge Construction
MS000184,WRK00093,during,2022-06-16,179d9ae314fa7d50,20.866339,85.199742,Bridge Construction
MS000185,WRK00093,after,2022-08-30,36fc1c4679ebb8bb,20.866891,85.198943,Bridge Construction
MS000186,WRK00094,before,2021-01-04,81e03a5e8b48f496,16.150877,81.683499,Bridge Construction
MS000187,WRK00094,during,2021-02-26,651076d6c7610e83,16.151552,81.683537,Bridge Construction
MS000188,WRK00095,before,2023-02-04,c1b5b5cabc3536df,25.040281,93.839663,Road Construction
MS000189,WRK00095,during,2023-04-05,f2a45575ee585967,25.040376,93.840509,Road Construction
MS000190,WRK00096,before,2023-09-08,0b36e356339b77a8,23.394272,74.138516,Street Lighting
MS000191,WRK00096,during,2023-10-23,7c198515208b326a,23.39411,74.138493,Street Lighting
MS000192,WRK00096,after,2024-01-06,83601fb5b45bbad3,23.394329,74.138475,Street Lighting
MS000193,WRK00097,before,2023-08-28,45f1861954f90429,25.059585,77.086777,Drainage Works
MS000194,WRK00097,during,2023-10-12,2826a561bf1a61d7,25.060636,77.086612,Drainage Works
MS000195,WRK00097,after,2023-12-26,1e6773d7f3aa972b,25.060144,77.086674,Drainage Works
MS000196,WRK00098,before,2022-01-18,9a3a61036e3c4532,25.140024,90.220118,Drainage Works
MS000197,WRK00098,during,2022-02-14,273ef6f485d4bf0f,25.139662,90.220142,Drainage Works
MS000198,WRK00099,before,2022-08-29,6f5842c3ff86cc31,21.716833,68.371051,Road Construction
MS000199,WRK00099,during,2022-10-11,249316b4ca8c5366,21.716602,68.371212,Road Construction
MS000200,WRK00100,before,2021-11-24,a52964ffc74cc890,28.977879,77.36512,Community Hall
MS000201,WRK00100,during,2022-01-08,48924bd6e39940dd,28.978119,77.364996,Community Hall
MS000202,WRK00100,after,2022-03-24,0088b13a7d2194cb,28.977985,77.364223,Community Hall
MS000203,WRK00101,before,2023-01-30,1d0af7f7f5e4a471,10.081412,77.520526,Bridge Construction
MS000204,WRK00101,during,2023-02-21,73cecf7c90d5e87e,10.082105,77.52083,Bridge Construction
MS000205,WRK00102,before,2023-07-03,e60fd4202c33350c,26.015645,90.472968,Water Supply
MS000206,WRK00103,before,2022-08-18,7e7838c9ca55e38b,20.658419,69.386676,Road Construction
MS000207,WRK00104,before,2021-05-15,12fc7a87a4704d48,25.610383,86.17492,Library Building
MS000208,WRK00104,during,2021-07-06,72f68fe1aacefa98,25.609682,86.174866,Library Building
MS000209,WRK00105,before,2021-09-22,5894f7f139b86bb2,22.372619,86.47535,Cremation Ground
MS000210,WRK00105,during,2021-10-17,6321d75368dd66fd,22.371804,86.474931,Cremation Ground
MS000211,WRK00106,before,2022-07-17,b87b63849fddde2e,27.746102,81.51319,School Building
MS000212,WRK00106,during,2022-09-09,bc64c7e9716ec0b6,27.746435,81.512245,School Building
MS000213,WRK00107,before,2022-06-27,f4e7069aa4540937,31.353844,73.893086,Road Construction
MS000214,WRK00107,during,2022-08-11,cbd10fdca14ed649,31.354715,73.893564,Road Construction
MS000215,WRK00107,after,2022-10-25,1fb026cca5292f56,31.354532,73.893188,Road Construction
MS000216,WRK00108,before,2021-05-03,dc5be7d1fcef1972,26.466035,91.669684,Street Lighting
MS000217,WRK00108,during,2021-07-01,91fb8925f5112438,26.466006,91.669672,Street Lighting
MS000218,WRK00109,before,2021-09-08,dd84caccf6729464,18.118264,77.97458,Health Centre
MS000219,WRK00109,during,2021-10-30,8827f0b5efa99c7e,18.117234,77.974427,Health Centre
MS000220,WRK00110,before,2023-10-18,5a57553995560a2d,32.335332,75.367228,School Building
MS000221,WRK00110,during,2023-11-20,945d91a5e33d6982,32.335618,75.3674,School Building
MS000222,WRK00111,before,2021-08-09,91fdfa4f0d18ab95,31.397487,77.070899,Sports Facility
MS000223,WRK00111,during,2021-09-23,7dd12d570b840c50,31.397853,77.070261,Sports Facility
MS000224,WRK00111,after,2021-12-07,2e35c5c86fe05fa2,31.397211,77.07167,Sports Facility
MS000225,WRK00112,before,2022-07-27,5d986115f05eeefe,26.460204,83.140562,Boundary Wall
MS000226,WRK00112,during,2022-09-05,196dedc0fad34352,26.460434,83.140874,Boundary Wall
MS000227,WRK00113,before,2022-11-14,fd98fe336498abe9,24.644795,95.566974,Road Construction
MS000228,WRK00113,during,2022-12-15,f3c1114d4e8a10cb,24.645013,95.5671,Road Construction
MS000229,WRK00114,before,2022-09-06,cbf81f864ec3f970,21.794611,72.412091,Boundary Wall
MS000230,WRK00115,before,2022-04-12,ae441e21d25864f2,18.430175,78.585149,Anganwadi Centre
MS000231,WRK00115,during,2022-05-27,19474d1a63d316c1,18.430596,78.585686,Anganwadi Centre
MS000232,WRK00115,after,2022-08-10,4207fb5152ffeff5,18.430676,78.586315,Anganwadi Centre
MS000233,WRK00116,before,2023-05-08,84c86c4623595fa4,27.401998,73.649706,Road Construction
MS000234,WRK00116,during,2023-06-04,9606006a98d54b7e,27.402263,73.650142,Road Construction
MS000235,WRK00117,before,2021-12-21,313839757bf33a34,32.615975,78.151911,Drainage Works
MS000236,WRK00118,before,2023-09-29,c5e78b23f4613f09,25.356115,87.35669,Health Centre
MS000237,WRK00118,during,2023-11-05,10c1de9c683629ce,25.356724,87.356599,Health Centre
MS000238,WRK00119,before,2023-09-09,bdab07e79d9d028e,29.964273,82.391543,Street Lighting
MS000239,WRK00119,during,2023-10-24,8dd7e05244e7a702,29.965322,82.391192,Street Lighting
MS000240,WRK00119,after,2024-01-07,c3528ba43f0e924b,29.964735,82.391375,Street Lighting
MS000241,WRK00120,before,2023-04-27,ef5e4376a723fb72,15.821342,79.731541,Water Supply
MS000242,WRK00120,during,2023-06-05,a2c3b917d8a5aa52,15.821245,79.732045,Water Supply
MS000243,WRK00121,before,2021-05-02,e1dace6a6afa828c,27.377976,82.595759,Health Centre
MS000244,WRK00121,during,2021-06-16,c832b3f02b0e63fd,27.378124,82.596427,Health Centre
MS000245,WRK00121,after,2021-08-30,e957967af61b2bfd,27.378569,82.594952,Health Centre
MS000246,WRK00122,before,2022-08-16,a42d0cd7fd359f6a,24.518922,95.893589,School Building
MS000247,WRK00122,during,2022-09-30,4a0c408d9ee827fa,24.518693,95.892336,School Building
MS000248,WRK00122,after,2022-12-14,eefa4d760f67a174,24.519079,95.892503,School Building
MS000249,WRK00123,before,2021-08-19,aca58d95915a1c30,16.854428,78.056786,Water Supply
MS000250,WRK00123,during,2021-10-03,59f6864dffce50b3,16.855278,78.056085,Water Supply
MS000251,WRK00123,after,2021-12-17,82a4e22ed7371450,16.854472,78.056008,Water Supply
MS000252,WRK00124,before,2023-04-01,3c4b1eec6231ee73,25.96212,95.595012,Boundary Wall
MS000253,WRK00124,during,2023-05-16,6532b3ae16f791ac,25.962356,95.596228,Boundary Wall
MS000254,WRK00124,after,2023-07-30,8e7569bcb99e6f7b,25.962788,95.596305,Boundary Wall
MS000255,WRK00125,before,2023-01-07,4f9c4027c5144d98,26.350428,70.905516,Cremation Ground
MS000256,WRK00125,during,2023-02-21,517c5deccd539417,26.351396,70.906222,Cremation Ground
MS000257,WRK00125,after,2023-05-07,42e88605a29a7e5f,26.351533,70.905841,Cremation Ground
MS000258,WRK00126,before,2023-09-07,c1369c65ae2ae341,17.889213,77.484542,Water Supply
MS000259,WRK00126,during,2023-10-14,35eb728f57750d0f,17.88952,77.483962,Water Supply
MS000260,WRK00127,before,2021-08-18,53ff84612a1f1b61,27.188546,84.311094,Road Construction
MS000261,WRK00128,before,2023-11-12,8f0d55400ec7d662,26.84752,80.999882,Anganwadi Centre
MS000262,WRK00129,before,2022-03-23,ef0bea4ffc737d92,19.382044,77.092269,Water Supply
MS000263,WRK00129,during,2022-05-07,2c6cdb5aac367cb9,19.381953,77.092259,Water Supply
MS000264,WRK00129,after,2022-07-21,7d2d93e8b40b7288,19.382455,77.091715,Water Supply
MS000265,WRK00130,before,2023-02-23,59077299dc3bbdd8,26.996036,89.385911,Community Hall
MS000266,WRK00131,before,2021-02-16,effa20023040413c,16.741679,79.319465,Water Supply
MS000267,WRK00131,during,2021-03-12,abeed5b2d0e915d4,16.741544,79.318311,Water Supply
MS000268,WRK00132,before,2021-07-26,3bfda8a6705fddf5,28.640208,91.786988,Water Supply
MS000269,WRK00132,during,2021-09-09,5ba3a49c99ef827f,28.639367,91.787745,Water Supply
MS000270,WRK00132,after,2021-11-23,b2709103cfd6b161,28.640225,91.786575,Water Supply
MS000271,WRK00133,before,2022-04-25,46707cd64ceda164,8.874233,78.972811,Boundary Wall
MS000272,WRK00133,during,2022-06-07,be3eb6f738b595b9,8.872916,78.972574,Boundary Wall
MS000273,WRK00134,before,2022-12-07,d96e684f3db0174e,16.405332,75.725094,Sports Facility
MS000274,WRK00134,during,2023-01-18,4d9d1bb1a00f80d4,16.406218,75.724202,Sports Facility
MS000275,WRK00135,before,2023-05-04,891f691217abb863,25.357514,83.694615,Sports Facility
MS000276,WRK00135,during,2023-06-24,e78dcf327e2a9f73,25.357135,83.695521,Sports Facility
MS000277,WRK00136,before,2022-03-21,bdd151b0f64ab6ec,25.281725,95.427433,Road Construction
MS000278,WRK00136,during,2022-05-05,6565e779a3708c7f,25.281874,95.426309,Road Construction
MS000279,WRK00136,after,2022-07-19,7e7786aa80155756,25.281959,95.426176,Road Construction
MS000280,WRK00137,before,2022-05-06,7f4d908ce1fff6c0,25.197959,87.064695,School Building
MS000281,WRK00137,during,2022-07-01,10bb794e2cef7557,25.197839,87.064922,School Building
MS000282,WRK00138,before,2023-04-28,4b91b8cb6ae66582,31.081977,78.878295,School Building
MS000283,WRK00138,during,2023-05-26,e1896b253a5bece9,31.082355,78.878652,School Building
MS000284,WRK00139,before,2022-11-23,bb96f6022b115c36,30.96542,76.043328,Anganwadi Centre
MS000285,WRK00140,before,2021-05-01,d7b102a92332a50e,22.33761,85.476415,School Building
MS000286,WRK00140,during,2021-06-15,9d4d0658886edae8,22.336548,85.476208,School Building
MS000287,WRK00140,after,2021-08-29,00801ed9743480a1,22.337532,85.476334,School Building
MS000288,WRK00141,before,2021-05-04,b8e19f568787ea21,15.636216,77.178378,Boundary Wall
MS000289,WRK00141,during,2021-05-27,febf4c56d826c496,15.635573,77.178077,Boundary Wall
MS000290,WRK00142,before,2021-07-17,5f804eeb143a9aff,17.958496,80.949979,School Building
MS000291,WRK00142,during,2021-08-31,c24f3f4c846af2e6,17.957814,80.95032,School Building
MS000292,WRK00142,after,2021-11-14,47269e7f0c05e009,17.959071,80.950035,School Building
MS000293,WRK00143,before,2021-03-06,6f14b3f6d867888b,25.128753,88.68118,Road Construction
MS000294,WRK00143,during,2021-04-15,e14e21f714f16d92,25.129567,88.680911,Road Construction
MS000295,WRK00144,before,2023-09-01,2dea2d2d086c405f,29.664552,77.414734,Road Construction
MS000296,WRK00144,during,2023-10-16,f530c98d6c7f7bef,29.663599,77.413529,Road Construction
MS000297,WRK00144,after,2023-12-30,544810de2a1b76e3,29.663939,77.414151,Road Construction
MS000298,WRK00145,before,2022-09-05,1413d64db962c8a7,30.494511,76.142275,Drainage Works
MS000299,WRK00145,during,2022-10-01,97b018b0062667fc,30.495617,76.143115,Drainage Works
MS000300,WRK00146,before,2022-11-29,45f8c28da255e1bb,29.875469,72.990568,Water Supply
MS000301,WRK00147,before,2023-02-18,277b06674499d0a6,13.567618,75.134347,Drainage Works
MS000302,WRK00148,before,2021-01-11,1a7167c768759545,24.83129,92.527746,Community Hall
MS000303,WRK00148,during,2021-02-03,f18c55813c9b3b84,24.830214,92.527873,Community Hall
MS000304,WRK00149,before,2023-04-28,2b69c95e85671b58,30.65699,79.557702,Drainage Works
MS000305,WRK00150,before,2021-12-09,7eece88da002352a,28.635123,72.677285,Anganwadi Centre
MS000306,WRK00150,during,2022-01-23,0f892df6f97a822c,28.635799,72.677698,Anganwadi Centre
MS000307,WRK00150,after,2022-04-08,d9025a2ce3dc8702,28.635478,72.678362,Anganwadi Centre
MS000308,WRK00151,before,2022-11-12,52171c884ce953a7,26.148812,89.323892,Road Construction
MS000309,WRK00151,during,2022-12-05,9c595e034d2d3557,26.148391,89.32329,Road Construction
MS000310,WRK00152,before,2022-08-20,ee9bf3e11d27c09a,21.215237,70.506438,Drainage Works
MS000311,WRK00152,during,2022-09-12,66d4b39461a71114,21.214571,70.507142,Drainage Works
MS000312,WRK00153,before,2023-08-04,23a13e207fd255ee,20.088538,73.174169,Road Construction
MS000313,WRK00153,during,2023-09-18,9fbeffb3a8e3ac9b,20.088219,73.173839,Road Construction
MS000314,WRK00153,after,2023-12-02,6d98567ecb8fe981,20.089468,73.174199,Road Construction
MS000315,WRK00154,before,2023-09-09,cff2b1c4e53f9644,25.442958,88.029225,Drainage Works
MS000316,WRK00154,during,2023-10-20,743e5fef06a61b3d,25.442766,88.029085,Drainage Works
MS000317,WRK00155,before,2021-04-01,bf31c29f82bbad84,26.098717,69.592039,Community Hall
MS000318,WRK00156,before,2023-10-22,592c11072444d301,23.871194,89.74362,Community Hall
MS000319,WRK00156,during,2023-11-15,92be07c4e784cabe,23.870522,89.743098,Community Hall
MS000320,WRK00157,before,2023-06-17,ad5900dd1bff3142,19.121648,77.729734,Community Hall
MS000321,WRK00157,during,2023-07-29,2f98ad3371d2e63f,19.121393,77.729844,Community Hall
MS000322,WRK00158,before,2022-11-09,bcc57be00779250a,25.089099,86.56432,School Building
MS000323,WRK00158,during,2022-12-02,f5b19be4835c3541,25.089852,86.56396,School Building
MS000324,WRK00159,before,2022-02-26,5da49cb92fdc9992,28.945436,91.869194,Road Construction
MS000325,WRK00160,before,2023-03-15,15b24e1d97154633,31.673073,76.286543,Health Centre
MS000326,WRK00160,during,2023-04-29,57c850b09a73cd2f,31.673282,76.287388,Health Centre
MS000327,WRK00160,after,2023-07-13,9620ed148486b704,31.673809,76.285994,Health Centre
MS000328,WRK00161,before,2021-10-17,7d592e192ab7b2ef,24.337437,75.092943,School Building
MS000329,WRK00161,during,2021-11-21,0dfabe46dbd3e865,24.337315,75.091934,School Building
MS000330,WRK00162,before,2023-09-20,6a66c1847de1bf5d,26.096632,86.566003,Community Hall
MS000331,WRK00162,during,2023-11-04,1182e8e7c9070c97,26.096835,86.565618,Community Hall
MS000332,WRK00162,after,2024-01-18,b11c7dffb1dd348c,26.097756,86.565509,Community Hall
MS000333,WRK00163,before,2022-03-28,c4134dc2c5c5ae8a,25.776114,83.033751,Road Construction
MS000334,WRK00163,during,2022-05-12,55edd864f68b6ba0,25.776524,83.033496,Road Construction
MS000335,WRK00163,after,2022-07-26,1ad74fd4298b2e78,25.776291,83.034088,Road Construction
MS000336,WRK00164,before,2023-01-22,6cd6f011fd61f13b,23.298938,75.826587,Sports Facility
MS000337,WRK00165,before,2022-12-15,a1fd41879c3a1e0b,22.696505,88.824514,Road Construction
MS000338,WRK00165,during,2023-01-04,9fb938e0776ef3e6,22.695894,88.824183,Road Construction
MS000339,WRK00166,before,2023-12-27,1860ad28d0afb235,25.802568,81.452592,Road Construction
MS000340,WRK00166,during,2024-02-06,2f2aa5e8667ae277,25.802595,81.452003,Road Construction
MS000341,WRK00167,before,2021-09-29,93d228d424655c39,9.436092,79.742727,Bridge Construction
MS000342,WRK00167,during,2021-11-13,1d7d0bb38e0044e2,9.436282,79.742847,Bridge Construction
MS000343,WRK00167,after,2022-01-27,95ef8b1ba19f2485,9.437389,79.74273,Bridge Construction
MS000344,WRK00168,before,2022-07-24,755cee2af8ded777,25.348009,83.311886,Road Construction
MS000345,WRK00169,before,2023-05-30,aebbb90ee4e751de,27.45705,78.09314,Drainage Works
MS000346,WRK00169,during,2023-07-07,2c9de90ab805ae3c,27.457288,78.092604,Drainage Works
MS000347,WRK00170,before,2021-11-20,eec71a30dfda35b2,27.209666,87.710215,Bridge Construction
MS000348,WRK00170,during,2021-12-21,e9204a24430493f0,27.20953,87.711275,Bridge Construction
MS000349,WRK00171,before,2021-12-05,7a10013f36a2c52b,9.364203,78.953457,Community Hall
MS000350,WRK00171,during,2022-01-02,56a049431c687714,9.365004,78.952754,Community Hall
MS000351,WRK00172,before,2021-09-04,e1887eaf5e1885c3,24.585672,87.329582,Road Construction
MS000352,WRK00172,during,2021-10-09,f0effa1e2bde3c78,24.585898,87.330257,Road Construction
MS000353,WRK00173,before,2021-01-18,714011a1afc2ccfc,25.080605,86.421234,Road Construction
MS000354,WRK00173,during,2021-03-18,1e55941910bc94d3,25.079545,86.421307,Road Construction
MS000355,WRK00174,before,2022-12-21,48f091f09b8b38ae,21.979775,88.068737,Cremation Ground
MS000356,WRK00174,during,2023-01-22,516546ca5fcf3219,21.980361,88.069665,Cremation Ground
MS000357,WRK00175,before,2022-01-22,a3595d1f7fe4a42e,29.87424,73.855448,Boundary Wall
MS000358,WRK00175,during,2022-02-26,3068ffdd965afd0f,29.874144,73.854671,Boundary Wall
MS000359,WRK00176,before,2023-05-12,431e930f0387f74d,18.411316,74.335085,Bridge Construction
MS000360,WRK00176,during,2023-06-10,47b2e24dcbad3916,18.4121,74.336294,Bridge Construction
MS000361,WRK00177,before,2023-05-18,6406face53a5e850,24.408739,95.501368,Boundary Wall
MS000362,WRK00177,during,2023-07-14,c8dfd1f114d72283,24.408142,95.502085,Boundary Wall
MS000363,WRK00178,before,2022-05-04,bddfa03aaa8430f8,24.653288,81.75347,Drainage Works
MS000364,WRK00178,during,2022-06-18,e1e669e5c055b921,24.654122,81.75347,Drainage Works
MS000365,WRK00178,after,2022-09-01,84d621487fa372cd,24.653862,81.753174,Drainage Works
MS000366,WRK00179,before,2022-12-12,ce9e9ebd55c34853,25.773762,89.381159,School Building
MS000367,WRK00179,during,2023-01-24,7eaab0a1f4ac27ef,25.773687,89.381316,School Building
MS000368,WRK00180,before,2023-01-08,82425912bda3c162,31.820592,76.572374,Anganwadi Centre
MS000369,WRK00180,during,2023-03-09,350b0860095ee97c,31.819584,76.57173,Anganwadi Centre
MS000370,WRK00181,before,2021-11-04,6a8fcacb3f8e2d0d,25.570441,88.488218,Anganwadi Centre
MS000371,WRK00182,before,2021-04-18,d847dc53c605e58a,24.198257,80.147642,Community Hall
MS000372,WRK00182,during,2021-06-02,283edeec92455468,24.199162,80.146831,Community Hall
MS000373,WRK00182,after,2021-08-16,15b2c2b48cf0f97b,24.19801,80.146374,Community Hall
MS000374,WRK00183,before,2022-09-15,8beb4e78e68373a3,18.264175,79.012282,School Building
MS000375,WRK00183,during,2022-11-02,771ad3fe0a8857a5,18.264166,79.012442,School Building
MS000376,WRK00184,before,2021-01-20,fbad793f87a1ec02,29.062047,95.790458,Water Supply
MS000377,WRK00184,during,2021-03-06,cdf401375e15433b,29.062113,95.790196,Water Supply
MS000378,WRK00184,after,2021-05-20,2df805020653ee85,29.062033,95.790184,Water Supply
MS000379,WRK00185,before,2022-04-20,64f434d6d1e91691,21.983741,86.191219,Road Construction
MS000380,WRK00185,during,2022-05-14,8073aa66d7b4db17,21.983962,86.192089,Road Construction
MS000381,WRK00186,before,2022-10-08,27c8fc6c1be5a4c3,22.832197,89.667948,Health Centre
MS000382,WRK00186,during,2022-11-14,5c387c2a1243e838,22.83092,89.668107,Health Centre
MS000383,WRK00187,before,2022-03-02,d5ff2a1f370b9a29,27.057337,95.547321,Sports Facility
MS000384,WRK00187,during,2022-04-03,d0c8da67bec62bbe,27.057471,95.548282,Sports Facility
MS000385,WRK00188,before,2022-09-05,8cd4b90abf8211bc,22.490601,89.703758,Drainage Works
MS000386,WRK00189,before,2022-04-01,424211e2960be0f4,25.411306,89.644622,Road Construction
MS000387,WRK00189,during,2022-05-16,bd64e8d6b757ec69,25.411888,89.643677,Road Construction
MS000388,WRK00189,after,2022-07-30,4caa568bc523b4e9,25.411512,89.643813,Road Construction
MS000389,WRK00190,before,2022-11-11,61fa8e7a078c26ce,24.992644,81.462227,Bridge Construction
MS000390,WRK00190,during,2022-12-26,9477d9d7d26580c0,24.992301,81.460746,Bridge Construction
MS000391,WRK00190,after,2023-03-11,833cd4f2a7728290,24.992633,81.462236,Bridge Construction
MS000392,WRK00191,before,2021-11-01,620d4a1f479f6628,17.824366,77.171053,Water Supply
MS000393,WRK00191,during,2021-12-16,7974c90b35ba5e93,17.824375,77.170847,Water Supply
MS000394,WRK00192,before,2023-02-23,2e0869c1453b45fe,17.21091,79.80233,Sports Facility
MS000395,WRK00192,during,2023-04-19,5735773c761e6287,17.21096,79.801714,Sports Facility
MS000396,WRK00193,before,2022-04-22,d8b48ead93608edf,9.538797,79.628792,Anganwadi Centre
MS000397,WRK00193,during,2022-06-06,6aed979fb2ac4768,9.538829,79.628325,Anganwadi Centre
MS000398,WRK00193,after,2022-08-20,07b4e6848ef65ee8,9.539066,79.628511,Anganwadi Centre
MS000399,WRK00194,before,2023-01-05,fcedf994d631c383,20.716283,77.278615,Water Supply
MS000400,WRK00194,during,2023-02-19,7ff2e80a027a76dc,20.717263,77.278448,Water Supply
MS000401,WRK00194,after,2023-05-05,39b9c13a56fe972b,20.716701,77.278219,Water Supply
MS000402,WRK00195,before,2021-04-26,2d6e0291b7893986,25.388863,74.904689,Anganwadi Centre
MS000403,WRK00195,during,2021-06-10,5379f2794cb50625,25.38861,74.904494,Anganwadi Centre
MS000404,WRK00196,before,2021-10-18,5628ddcd19dd3e8c,10.069733,76.504106,Bridge Construction
MS000405,WRK00196,during,2021-12-02,f3e00dc5fa2c9e79,10.071115,76.504733,Bridge Construction
MS000406,WRK00196,after,2022-02-15,9a5e63f5cc94d15c,10.071,76.504741,Bridge Construction
MS000407,WRK00197,before,2023-01-01,92a54d04f2dde1f5,28.597335,92.250871,Health Centre
MS000408,WRK00197,during,2023-02-15,104f3fc56400bb0e,28.596695,92.250845,Health Centre
MS000409,WRK00198,before,2022-03-29,e2a45909a2dd22d5,8.51991,77.657274,Library Building
MS000410,WRK00198,during,2022-04-24,e50dede5a395b867,8.519875,77.656125,Library Building
MS000411,WRK00199,before,2022-05-27,6b6e64c5bb8aa843,20.59721,68.107704,Road Construction
MS000412,WRK00199,during,2022-07-11,b063e9a0d393daad,20.597108,68.107472,Road Construction
MS000413,WRK00199,after,2022-09-24,11ca2a0b32f194d8,20.59755,68.108024,Road Construction
MS000414,WRK00200,before,2023-09-09,f3a0212042d943ee,27.216436,89.910163,Sports Facility
MS000415,WRK00201,before,2021-07-10,19ec08290db5d441,27.774907,90.738763,Road Construction
MS000416,WRK00201,during,2021-09-01,02d3fb7e84be7e1c,27.775053,90.740066,Road Construction
MS000417,WRK00202,before,2021-07-16,18d42238331de35c,17.818158,81.935272,Health Centre
MS000418,WRK00202,during,2021-08-31,8954fc3d210f2a8a,17.818198,81.9349,Health Centre
MS000419,WRK00203,before,2023-03-26,721e54192fc3e649,26.41958,79.920343,Bridge Construction
MS000420,WRK00203,during,2023-05-09,ded5c01721433dfc,26.418503,79.919647,Bridge Construction
MS000421,WRK00204,before,2021-07-18,891778e8f7336094,24.655041,89.247387,Cremation Ground
MS000422,WRK00204,during,2021-09-06,9665df7c4f70b88b,24.655104,89.247611,Cremation Ground
MS000423,WRK00205,before,2021-03-13,31567f2acef74829,24.059203,89.690377,Health Centre
MS000424,WRK00205,during,2021-05-01,721b770724877651,24.058899,89.690993,Health Centre
MS000425,WRK00206,before,2022-06-13,eacb1f6d7549c9f9,27.752771,93.42419,Bridge Construction
MS000426,WRK00207,before,2021-10-31,693016eae0bda1ee,31.839179,76.235744,Bridge Construction
MS000427,WRK00207,during,2021-12-26,0a0175e5937d6fb1,31.838975,76.235452,Bridge Construction
MS000428,WRK00208,before,2023-04-06,ebbbd76379a7e63b,31.072966,80.017373,Road Construction
MS000429,WRK00208,during,2023-05-25,4c25998ecad73d36,31.073029,80.017341,Road Construction
MS000430,WRK00209,before,2021-07-21,9adfe9816ab19e15,26.190899,76.767109,Water Supply
MS000431,WRK00209,during,2021-09-04,e66414db2df8d4a8,26.190565,76.767136,Water Supply
MS000432,WRK00209,after,2021-11-18,e92c5b92627967a3,26.190625,76.767563,Water Supply
MS000433,WRK00210,before,2021-04-26,d9ee7dc9c7cfeca8,26.789708,95.686779,Boundary Wall
MS000434,WRK00211,before,2023-07-24,3defa7ba07d2fd4d,26.916764,80.117382,Road Construction
MS000435,WRK00212,before,2021-12-01,39a0f145a5bab050,30.448628,78.603207,Sports Facility
MS000436,WRK00212,during,2021-12-31,aaaa077f4ab946a2,30.449551,78.603323,Sports Facility
MS000437,WRK00213,before,2021-09-28,b599277ff78ee9e8,16.717777,79.997958,Road Construction
MS000438,WRK00213,during,2021-11-12,694986717e5533ba,16.718165,79.998461,Road Construction
MS000439,WRK00213,after,2022-01-26,5e653990fecd0ded,16.716848,79.99779,Road Construction
MS000440,WRK00214,before,2022-09-11,98017a2fa5b83693,15.080467,77.046336,Water Supply
MS000441,WRK00214,during,2022-10-21,818d72af3516567d,15.079942,77.04613,Water Supply
MS000442,WRK00215,before,2022-10-28,3d846fc9c3f62136,32.977321,76.716191,Health Centre
MS000443,WRK00215,during,2022-12-12,61936947763f56ac,32.976896,76.715718,Health Centre
MS000444,WRK00215,after,2023-02-25,658c72ee31c46ef9,32.976457,76.715463,Health Centre
MS000445,WRK00216,before,2021-02-22,92715f6efea82e3a,29.792169,80.178974,Health Centre
MS000446,WRK00216,during,2021-03-22,761b7e117c192e61,29.791796,80.178642,Health Centre
MS000447,WRK00217,before,2023-01-05,423701f1bdacdc5e,24.682321,87.004416,Anganwadi Centre
MS000448,WRK00217,during,2023-02-09,d2077bc478858b6d,24.681697,87.003979,Anganwadi Centre
MS000449,WRK00218,before,2022-04-03,ddcbf4bc0dbdc5da,18.762569,76.449375,Road Construction
MS000450,WRK00219,before,2023-02-21,fcb896bb68c0cbef,29.452095,78.143356,School Building
MS000451,WRK00219,during,2023-04-07,640eb68ebdcf6fd4,29.452082,78.144259,School Building
MS000452,WRK00219,after,2023-06-21,ad68fb4502deb2e6,29.452233,78.143878,School Building
MS000453,WRK00220,before,2023-09-26,288f3435c3b534db,21.52646,86.920745,School Building
MS000454,WRK00220,during,2023-10-27,8844bc0caccfb130,21.526459,86.921768,School Building
MS000455,WRK00221,before,2023-04-07,d54e7948c1c0c5e3,22.637145,87.330201,Drainage Works
MS000456,WRK00222,before,2021-07-30,98abb2e785319f0f,21.760438,89.688403,Community Hall
MS000457,WRK00222,during,2021-08-25,9923fc7a0d6b160f,21.759883,89.689122,Community Hall
MS000458,WRK00223,before,2022-01-21,2b429596812faa38,25.645246,86.338628,Anganwadi Centre
MS000459,WRK00224,before,2021-04-10,8c1ab2c71fa3ed1f,8.360289,76.685937,Water Supply
MS000460,WRK00225,before,2023-12-02,c8e609391d2fed2a,16.165841,78.565054,Drainage Works
MS000461,WRK00225,during,2023-12-27,564d46aa03ba33a0,16.166998,78.566029,Drainage Works
MS000462,WRK00226,before,2023-04-20,00b3700f3c088990,13.015298,79.091133,School Building
MS000463,WRK00226,during,2023-06-04,cc0338d318bafcc9,13.016408,79.090698,School Building
MS000464,WRK00226,after,2023-08-18,2ac39be9b958d153,13.015271,79.090474,School Building
MS000465,WRK00227,before,2023-11-14,0cd20e4376dae194,30.193226,76.865075,Bridge Construction
MS000466,WRK00227,during,2023-12-24,3505c5639fea97cc,30.194105,76.86469,Bridge Construction
MS000467,WRK00228,before,2021-08-26,9f2ebefcf480b91e,27.776052,71.000073,Health Centre
MS000468,WRK00229,before,2023-07-24,cc0243c6e2d903c8,23.272985,71.160492,Bridge Construction
MS000469,WRK00230,before,2023-09-16,7cf59d5feb9f33cb,10.036293,76.32076,Bridge Construction
MS000470,WRK00230,during,2023-10-06,3677f5b463a1bcaa,10.036375,76.320395,Bridge Construction
MS000471,WRK00231,before,2023-12-11,a9660a5a6ecf1ed2,26.09917,81.075374,Health Centre
MS000472,WRK00231,during,2024-01-17,e2ad828b113c9f25,26.098549,81.075266,Health Centre
MS000473,WRK00232,before,2021-04-22,3dab161452150ed8,27.422296,95.178112,Sports Facility
MS000474,WRK00232,during,2021-06-19,8943314fb668705d,27.422716,95.178002,Sports Facility
MS000475,WRK00233,before,2022-04-27,048c8480a7437402,24.047816,86.28742,Drainage Works
MS000476,WRK00233,during,2022-06-22,5308e1f29990e4a9,24.04898,86.287007,Drainage Works
MS000477,WRK00234,before,2022-09-16,c47566bf8f660bbd,21.761252,86.3814,Road Construction
MS000478,WRK00234,during,2022-10-14,b00832dae24ba9d4,21.761231,86.381735,Road Construction
MS000479,WRK00235,before,2022-03-31,d26404b923f47a55,16.41405,74.209856,Bridge Construction
MS000480,WRK00235,during,2022-05-20,95c4fab0e97f995d,16.414599,74.210596,Bridge Construction
MS000481,WRK00236,before,2023-03-16,e44a0371c5ab4e57,12.188611,76.395603,School Building
MS000482,WRK00236,during,2023-04-19,3b8c0f8403671560,12.187918,76.395683,School Building
MS000483,WRK00237,before,2021-04-10,20dda0ffd0b3d752,26.687494,88.636029,Road Construction
MS000484,WRK00238,before,2022-05-24,b3952193d7d3b9d9,20.71388,70.741755,Drainage Works
MS000485,WRK00238,during,2022-07-10,2336d60b0f571d6b,20.71333,70.741258,Drainage Works
MS000486,WRK00239,before,2022-08-19,c2c226ff1d8b32d9,22.399788,84.473971,School Building
MS000487,WRK00239,during,2022-09-17,ec648a9b3cf1c29e,22.400291,84.47451,School Building
MS000488,WRK00240,before,2023-12-07,4024c424aef2ab2f,28.543656,92.680041,Drainage Works
MS000489,WRK00240,during,2024-01-21,47334b73225f52ab,28.543475,92.679894,Drainage Works
MS000490,WRK00240,after,2024-04-05,8557ec6c0a23b722,28.544156,92.679285,Drainage Works
MS000491,WRK00241,before,2023-07-16,0c06df90aa1c4023,25.800344,73.995683,Sports Facility
MS000492,WRK00241,during,2023-08-23,54ce20eabb9d92c0,25.799758,73.995646,Sports Facility
MS000493,WRK00242,before,2022-05-30,bd0b0fa28beef83f,23.016011,72.641349,Road Construction
MS000494,WRK00242,during,2022-06-22,cd2bf2063f931507,23.015696,72.641434,Road Construction
MS000495,WRK00243,before,2021-06-02,d89462e895801c3a,26.085411,74.397878,School Building
MS000496,WRK00244,before,2021-04-15,f4fd25b7384f6e3b,24.635657,86.09872,Bridge Construction
MS000497,WRK00245,before,2021-07-08,79903d9687cec69d,17.391461,75.595179,Sports Facility
MS000498,WRK00245,during,2021-08-22,f42323d911ea8815,17.391729,75.594824,Sports Facility
MS000499,WRK00245,after,2021-11-05,f032c262243b7101,17.391746,75.594007,Sports Facility
MS000500,WRK00246,before,2022-05-15,06531d4748677b30,20.703003,75.803224,Community Hall
MS000501,WRK00246,during,2022-07-11,3c7ed2083451cf94,20.702944,75.802657,Community Hall
MS000502,WRK00247,before,2022-01-30,a127dc6bab9b153d,18.970335,79.653084,Anganwadi Centre
MS000503,WRK00247,during,2022-03-20,6c8c5d0e3eb366fd,18.970141,79.652365,Anganwadi Centre
MS000504,WRK00248,before,2023-06-11,54eb4c91b784ae08,23.518959,75.537102,Sports Facility
MS000505,WRK00249,before,2022-04-12,a43447fb01829782,9.808154,77.836437,Road Construction
MS000506,WRK00249,during,2022-06-11,147bed207b2e00e6,9.809231,77.835703,Road Construction
MS000507,WRK00250,before,2023-10-27,d2769c9665262474,31.319522,74.672655,Road Construction
MS000508,WRK00250,during,2023-12-11,815ada5d6c35e33c,31.319855,74.672592,Road Construction
MS000509,WRK00250,after,2024-02-24,d1d18e0b27e7a6bd,31.32035,74.672674,Road Construction
MS000510,WRK00251,before,2022-08-28,dff0b9bf8db3c2c1,26.711139,89.059453,Drainage Works
MS000511,WRK00251,during,2022-10-12,c24489e1154ebf91,26.711347,89.059249,Drainage Works
MS000512,WRK00251,after,2022-12-26,271dd0f18985c98d,26.710839,89.059048,Drainage Works
MS000513,WRK00252,before,2021-06-24,2f1a25a829344e15,31.67764,74.456057,Sports Facility
MS000514,WRK00252,during,2021-08-08,6009a05a48817b98,31.677901,74.456353,Sports Facility
MS000515,WRK00252,after,2021-10-22,22fbe906554ed52c,31.678121,74.455871,Sports Facility
MS000516,WRK00253,before,2023-08-03,20d2b5285b6d6b7c,23.706344,75.885753,Cremation Ground
MS000517,WRK00253,during,2023-09-04,b9b03c1abaf9706d,23.706876,75.885035,Cremation Ground
MS000518,WRK00254,before,2023-07-12,013ca9982b2bf58c,30.227623,78.87651,School Building
MS000519,WRK00254,during,2023-08-27,625046c05f866c8e,30.226975,78.875962,School Building
MS000520,WRK00255,before,2022-11-11,47d6723cd77fbeeb,28.199232,92.537672,Community Hall
MS000521,WRK00255,during,2023-01-07,ebee30cffe12ace5,28.199308,92.537749,Community Hall
MS000522,WRK00256,before,2021-02-08,a766861778dbcde3,29.790534,81.292008,Road Construction
MS000523,WRK00256,during,2021-03-10,c571f9ab41589d90,29.791567,81.292482,Road Construction
MS000524,WRK00257,before,2023-11-12,c1d841d32a74b90c,32.044247,76.300503,Bridge Construction
MS000525,WRK00257,during,2024-01-03,b24ae6e35e411475,32.04331,76.30008,Bridge Construction
MS000526,WRK00258,before,2021-03-24,34ef2552ab286d09,30.195141,74.619086,Anganwadi Centre
MS000527,WRK00259,before,2022-10-26,5d8416e060e696ff,32.035225,77.639076,Road Construction
MS000528,WRK00259,during,2022-12-15,b4e10c33a1861de1,32.036148,77.63888,Road Construction
MS000529,WRK00260,before,2022-04-02,3ae0acdb2a6524af,19.437062,77.230281,Drainage Works
MS000530,WRK00260,during,2022-05-01,25b9de82ae5a5f99,19.437052,77.230505,Drainage Works
MS000531,WRK00261,before,2021-08-31,973e129c35f0b1be,25.606106,87.774762,School Building
MS000532,WRK00261,during,2021-10-15,1de20f2d03288b00,25.605846,87.774448,School Building
MS000533,WRK00261,after,2021-12-29,62649ce8eab8d5be,25.60531,87.774355,School Building
MS000534,WRK00262,before,2021-11-26,67cbfc39f54f1b92,21.818725,86.858383,Bridge Construction
MS000535,WRK00262,during,2021-12-21,2a736a676c461d48,21.819172,86.858482,Bridge Construction
MS000536,WRK00263,before,2023-08-24,82c41c54a8debd88,27.325755,76.493378,School Building
MS000537,WRK00263,during,2023-10-08,e2fb8d66a8928ad4,27.325871,76.49231,School Building
MS000538,WRK00263,after,2023-12-22,c0a15dbc695f34ff,27.32658,76.492989,School Building
MS000539,WRK00264,before,2021-09-28,2d6b8a4e18a70609,27.209295,86.722059,Water Supply
MS000540,WRK00264,during,2021-11-12,cc2b2f49c6d53a90,27.209662,86.721262,Water Supply
MS000541,WRK00264,after,2022-01-26,35a37765bfacc63e,27.210504,86.721674,Water Supply
MS000542,WRK00265,before,2021-09-24,0b1ec578dff47c51,21.056376,84.03162,Road Construction
MS000543,WRK00265,during,2021-11-02,0067743e7de1936b,21.056506,84.032553,Road Construction
MS000544,WRK00266,before,2021-07-20,8b31f4d8e073c1d0,30.997421,78.620642,Community Hall
MS000545,WRK00266,during,2021-09-03,bba8a7e549d0aac1,30.99744,78.620238,Community Hall
MS000546,WRK00266,after,2021-11-17,b43c6fef2fb7e9bd,30.997013,78.620758,Community Hall
MS000547,WRK00267,before,2021-01-15,893e2b89dadfc499,16.436449,78.008006,Boundary Wall
MS000548,WRK00267,during,2021-03-08,366b3575d07a9518,16.435352,78.007419,Boundary Wall
MS000549,WRK00268,before,2023-09-16,dae135862358755c,26.353283,94.576931,Drainage Works
MS000550,WRK00268,during,2023-10-17,e6fb61d3fba26c21,26.353373,94.57733,Drainage Works
MS000551,WRK00269,before,2023-04-01,99a9af6aed054732,26.334243,87.322066,Bridge Construction
MS000552,WRK00269,during,2023-05-30,4b0a4742146e6a4f,26.33421,87.321245,Bridge Construction
MS000553,WRK00270,before,2023-02-27,706078eb7e8eed12,11.902014,77.558725,Library Building
MS000554,WRK00270,during,2023-03-23,7c35b2747a57772b,11.902489,77.558013,Library Building
MS000555,WRK00271,before,2023-11-12,46a3cc71ff2f6883,16.780616,77.202004,School Building
MS000556,WRK00271,during,2023-12-05,951b2503aa528f85,16.781368,77.200633,School Building
MS000557,WRK00272,before,2021-05-21,6769b0f1ee01b9e0,25.178413,93.519306,Boundary Wall
MS000558,WRK00272,during,2021-06-23,852393d79a5d376e,25.179081,93.520504,Boundary Wall
MS000559,WRK00273,before,2022-08-26,7bcf2b31902bd154,19.134525,79.844471,Sports Facility
MS000560,WRK00274,before,2023-09-15,f49816ad6994bf84,26.823465,84.401798,Cremation Ground
MS000561,WRK00274,during,2023-10-30,ae8e60755eebc618,26.82426,84.402716,Cremation Ground
MS000562,WRK00274,after,2024-01-13,3d563b0ed11ce5c8,26.824333,84.402178,Cremation Ground
MS000563,WRK00275,before,2022-12-02,ee25356aaee01ec9,9.280416,78.610285,Health Centre
MS000564,WRK00275,during,2023-01-15,548b9bb7df8200b8,9.280697,78.608869,Health Centre
MS000565,WRK00276,before,2022-02-20,f4adfa22ad0205f5,23.529889,88.993494,Water Supply
MS000566,WRK00277,before,2022-10-08,93a05478c00b19de,21.468941,84.518571,Anganwadi Centre
MS000567,WRK00278,before,2023-03-18,b0701a5350ce857f,31.670906,76.108615,Road Construction
MS000568,WRK00279,before,2022-06-16,6b49acc635e574e0,31.338935,74.9347,Health Centre
MS000569,WRK00279,during,2022-08-08,3fa029a6d0a73b72,31.339063,74.934564,Health Centre
MS000570,WRK00280,before,2021-09-26,cccf4130255603d4,25.019661,92.423232,Street Lighting
MS000571,WRK00280,during,2021-11-15,fc76627b00cd11a8,25.019838,92.423679,Street Lighting
MS000572,WRK00281,before,2023-11-25,0f5e8b4729d0c613,20.235216,72.995773,Drainage Works
MS000573,WRK00281,during,2024-01-04,f8378be20bb68d75,20.236353,72.99572,Drainage Works
MS000574,WRK00282,before,2023-01-08,936dd1a893acb00e,23.872527,77.13282,Health Centre
MS000575,WRK00282,during,2023-02-25,9cd2da08bd3c83c3,23.873333,77.132606,Health Centre
MS000576,WRK00283,before,2023-09-26,edb68b81cec68cfe,26.339715,77.918604,Health Centre
MS000577,WRK00283,during,2023-11-15,19b7775fe7bb5e42,26.339352,77.9177,Health Centre
MS000578,WRK00284,before,2022-04-13,96405fcdbf761449,26.614418,91.409458,Road Construction
MS000579,WRK00284,during,2022-05-15,92678e10e050df24,26.614522,91.409211,Road Construction
MS000580,WRK00285,before,2022-05-31,06bfd9c40dc78104,16.155715,73.129921,Bridge Construction
MS000581,WRK00285,during,2022-06-22,d51528af4d25298f,16.156499,73.12955,Bridge Construction
MS000582,WRK00286,before,2023-03-10,08ffeab0075072d6,26.191294,70.611891,Library Building
MS000583,WRK00286,during,2023-04-24,f47e3ca0723fd85a,26.190203,70.612684,Library Building
MS000584,WRK00286,after,2023-07-08,3e4c943a3dabba61,26.190341,70.612829,Library Building
MS000585,WRK00287,before,2023-07-01,a3c90c6a86017633,31.66986,78.245606,Sports Facility
MS000586,WRK00288,before,2023-06-24,781d5b6c49694032,30.300986,78.471507,Water Supply
MS000587,WRK00288,during,2023-08-10,edd0ce02edd32be9,30.300028,78.472097,Water Supply
MS000588,WRK00289,before,2022-08-23,3ff93134650e78e4,31.420616,77.100271,Road Construction
MS000589,WRK00289,during,2022-10-07,79eef2c0aa7a907d,31.421581,77.100189,Road Construction
MS000590,WRK00289,after,2022-12-21,22c0eee9aa5ca8cd,31.42154,77.100127,Road Construction
MS000591,WRK00290,before,2022-05-06,be3074f8a60147c3,27.64881,94.788202,Water Supply
MS000592,WRK00291,before,2023-07-22,1a2e9864f8eaca36,24.889505,84.470527,Bridge Construction
MS000593,WRK00291,during,2023-09-01,ec814510c42eafc8,24.889115,84.470071,Bridge Construction
MS000594,WRK00292,before,2023-10-08,d7f2a67814898025,20.989593,76.448955,Road Construction
MS000595,WRK00292,during,2023-11-21,61b3d8f3b99b70d6,20.989224,76.44902,Road Construction
MS000596,WRK00293,before,2022-01-29,f997c779c56f05e6,27.330853,90.468256,Sports Facility
MS000597,WRK00294,before,2022-03-03,40d91a8e1f44aa88,27.989171,77.419987,Bridge Construction
MS000598,WRK00294,during,2022-04-06,1c8390ba1672380e,27.988977,77.421005,Bridge Construction
MS000599,WRK00295,before,2023-06-09,0ac013d5f80590f0,11.257991,77.862753,Bridge Construction
MS000600,WRK00295,during,2023-07-24,92a593c81db92330,11.257173,77.862913,Bridge Construction
MS000601,WRK00295,after,2023-10-07,61547769f43dd740,11.257474,77.861665,Bridge Construction
MS000602,WRK00296,before,2022-05-25,b38a3db1276732d3,30.750941,77.809664,Community Hall
MS000603,WRK00296,during,2022-06-17,fad76ab7635d8150,30.750702,77.810637,Community Hall
MS000604,WRK00297,before,2022-12-13,70000009b4e570ba,25.629103,86.828017,Sports Facility
MS000605,WRK00297,during,2023-01-10,1b49371038de44f1,25.628925,86.827916,Sports Facility
MS000606,WRK00298,before,2022-10-25,002f2ca4743e8531,26.820732,83.32809,School Building
MS000607,WRK00298,during,2022-12-13,d653d4bb4bfca0ca,26.820593,83.327871,School Building
MS000608,WRK00299,before,2022-05-05,68e8f3115295ea96,18.286911,77.176647,Library Building
MS000609,WRK00299,during,2022-06-03,d9606af0aa546c79,18.287198,77.17749,Library Building
MS000610,WRK00300,before,2021-03-06,869c3a8e7d6ab7c2,24.106953,81.977012,Bridge Construction
MS000611,WRK00300,during,2021-04-20,b04816fdfd869a13,24.10627,81.978095,Bridge Construction
MS000612,WRK00300,after,2021-07-04,92efd363b4dea4a4,24.10678,81.977831,Bridge Construction
MS000613,WRK00301,before,2021-01-27,b55beaaacb53f0be,11.924601,76.567576,Library Building
MS000614,WRK00301,during,2021-03-19,fb2c2c830f0e5767,11.925347,76.566381,Library Building
MS000615,WRK00302,before,2022-03-19,91ed554a3faeef01,10.971282,76.996244,Health Centre
MS000616,WRK00302,during,2022-05-03,cf7798ccef36feb1,10.970575,76.996079,Health Centre
MS000617,WRK00302,after,2022-07-17,dd8cf1caec5412b4,10.971367,76.996256,Health Centre
MS000618,WRK00303,before,2023-01-04,287e4086a854027e,21.603527,84.755276,Bridge Construction
MS000619,WRK00303,during,2023-02-18,d9387dfbe9917f60,21.603326,84.754049,Bridge Construction
MS000620,WRK00304,before,2022-10-27,8cdc718dc4057420,15.75866,76.590732,Sports Facility
MS000621,WRK00304,during,2022-12-11,592aa87bfd853cf8,15.759264,76.590303,Sports Facility
MS000622,WRK00305,before,2022-08-06,509d97cddb107e7f,27.149079,83.332494,Road Construction
MS000623,WRK00305,during,2022-09-20,ec4de885b245b7d9,27.148601,83.333419,Road Construction
MS000624,WRK00305,after,2022-12-04,18e9ef7764ce4589,27.148508,83.333251,Road Construction
MS000625,WRK00306,before,2021-11-13,4199322e3ba58126,8.84752,77.742192,Boundary Wall
MS000626,WRK00306,during,2021-12-28,ef4055ddd98d213c,8.847705,77.741686,Boundary Wall
MS000627,WRK00306,after,2022-03-13,93c0968729e7e176,8.846883,77.742033,Boundary Wall
MS000628,WRK00307,before,2023-09-16,0e50f355c7b611cd,29.612686,76.305378,Road Construction
MS000629,WRK00307,during,2023-10-24,bf95ff33cdea6f52,29.611678,76.306108,Road Construction
MS000630,WRK00308,before,2022-04-10,909e21ba8a38d5aa,27.709537,93.298345,Bridge Construction
MS000631,WRK00308,during,2022-05-23,c9167a93ada63c4b,27.709914,93.29765,Bridge Construction
MS000632,WRK00309,before,2023-10-31,beccf7609249ee3a,23.748285,86.341861,Drainage Works
MS000633,WRK00309,during,2023-12-15,2b10a823d7770933,23.74825,86.341341,Drainage Works
MS000634,WRK00309,after,2024-02-28,794febeff96277e5,23.747178,86.341272,Drainage Works
MS000635,WRK00310,before,2023-09-12,1257429e3e085cb7,26.32888,93.235597,Bridge Construction
MS000636,WRK00310,during,2023-10-27,6f0eebef97e89057,26.328865,93.23556,Bridge Construction
MS000637,WRK00310,after,2024-01-10,3eb862c6676c269f,26.32752,93.23494,Bridge Construction
MS000638,WRK00311,before,2023-05-18,fd7b1279d2535515,29.572336,74.745097,Bridge Construction
MS000639,WRK00311,during,2023-07-08,a71db3a62c281bbd,29.572972,74.745394,Bridge Construction
MS000640,WRK00312,before,2021-11-16,57e0a1f103840661,9.41286,78.808742,School Building
MS000641,WRK00312,during,2021-12-11,61d15db2a67ac70a,9.412138,78.808433,School Building
MS000642,WRK00313,before,2022-03-10,e7f2418a953fcfd4,32.489069,76.179928,Health Centre
MS000643,WRK00313,during,2022-04-22,7d3d6b721f3ec572,32.489974,76.181277,Health Centre
MS000644,WRK00314,before,2022-07-10,4ae0fd7a04e25132,9.56439,79.778854,School Building
MS000645,WRK00314,during,2022-08-13,7ac067a69297eaac,9.564751,79.779106,School Building
MS000646,WRK00315,before,2023-12-25,ec19e4eb3f551740,25.886569,95.535496,Health Centre
MS000647,WRK00315,during,2024-02-08,fffcff637bf3f8f5,25.886354,95.535899,Health Centre
MS000648,WRK00315,after,2024-04-23,200f7ed09248c8c8,25.88557,95.535308,Health Centre
MS000649,WRK00316,before,2022-12-29,47bac8aaf2f94b2c,18.978826,79.893497,Community Hall
MS000650,WRK00316,during,2023-02-21,64cfd9b9050e1961,18.97936,79.893076,Community Hall
MS000651,WRK00317,before,2022-04-11,21bbd1838acfd4d6,27.032511,89.529897,Drainage Works
MS000652,WRK00317,during,2022-05-26,d64f10b584d6b400,27.032184,89.53026,Drainage Works
MS000653,WRK00317,after,2022-08-09,a6d5dac6ca41e052,27.031522,89.530323,Drainage Works
MS000654,WRK00318,before,2023-12-09,b82d40def2d78d53,29.86077,79.513135,Health Centre
MS000655,WRK00318,during,2024-01-05,015ce9f42e106355,29.861308,79.513469,Health Centre
MS000656,WRK00319,before,2023-04-28,9b08e5a844511ba0,22.107935,86.557577,Health Centre
MS000657,WRK00319,during,2023-05-25,29451370a71372ab,22.108005,86.557084,Health Centre
MS000658,WRK00320,before,2023-09-04,317979f929ede760,22.548069,87.388003,Community Hall
MS000659,WRK00320,during,2023-09-26,5d123e9b4c6f9a45,22.549336,87.388076,Community Hall
MS000660,WRK00321,before,2022-02-20,532c5c01b017c533,13.256061,78.045232,Water Supply
MS000661,WRK00321,during,2022-04-06,4cf41edd3f9304fa,13.254723,78.045656,Water Supply
MS000662,WRK00321,after,2022-06-20,c865b35ce79524eb,13.255078,78.045048,Water Supply
MS000663,WRK00322,before,2023-02-19,6546c66d89b1cad1,25.882023,95.230244,Library Building
MS000664,WRK00322,during,2023-03-19,e92915a385cd74bf,25.882611,95.229696,Library Building
MS000665,WRK00323,before,2023-03-27,0df6c527eb45bc38,16.972305,77.965402,School Building
MS000666,WRK00324,before,2021-10-05,400564b8171603b1,26.189244,86.862443,Boundary Wall
MS000667,WRK00324,during,2021-10-31,3025985609676569,26.188495,86.863742,Boundary Wall
MS000668,WRK00325,before,2023-07-10,0b3d6dc9616f760a,18.363656,80.483112,Road Construction
MS000669,WRK00325,during,2023-08-12,977f199a374e6538,18.362796,80.482394,Road Construction
MS000670,WRK00326,before,2021-04-16,c3f0fac39f601d17,22.169946,86.339518,Bridge Construction
MS000671,WRK00326,during,2021-06-14,61bc7c5642bb8f63,22.170273,86.338918,Bridge Construction
MS000672,WRK00327,before,2023-10-08,3ea585a901aec505,31.661152,77.203127,Road Construction
MS000673,WRK00327,during,2023-11-22,6ce34d67ad30c94b,31.661848,77.201774,Road Construction
MS000674,WRK00327,after,2024-02-05,121017873429ce3b,31.661401,77.201987,Road Construction
MS000675,WRK00328,before,2021-04-23,1be00f8e0c8d51d2,20.575128,85.079569,Road Construction
MS000676,WRK00328,during,2021-06-22,904ada375f44b716,20.575071,85.080533,Road Construction
MS000677,WRK00329,before,2021-12-30,6d651847c2294116,28.532803,72.341358,Library Building
MS000678,WRK00329,during,2022-02-26,fe11230e50fcfdaa,28.5337,72.340634,Library Building
MS000679,WRK00330,before,2023-04-28,b95cec2d7bd15655,21.832319,88.142214,Water Supply
MS000680,WRK00330,during,2023-06-12,1fe72d214526ed62,21.831697,88.14289,Water Supply
MS000681,WRK00330,after,2023-08-26,10e2b6766822d128,21.831407,88.141969,Water Supply
MS000682,WRK00331,before,2022-06-16,2e0e6673ced7cd17,27.051367,74.07284,Library Building
MS000683,WRK00331,during,2022-07-27,39cbc41acc501bea,27.050642,74.072762,Library Building
MS000684,WRK00332,before,2021-08-30,5982aa44557368cf,29.097857,84.691844,Bridge Construction
MS000685,WRK00333,before,2022-09-23,07743c94f5c9f459,28.358339,79.693733,Water Supply
MS000686,WRK00333,during,2022-10-19,ba73aa4e86c71c16,28.358473,79.694493,Water Supply
MS000687,WRK00334,before,2021-10-06,be1a070fed83a4c8,24.080473,73.833306,Anganwadi Centre
MS000688,WRK00334,during,2021-11-20,b3510ddc59518620,24.080136,73.8336,Anganwadi Centre
MS000689,WRK00334,after,2022-02-03,9b82f4304563cafe,24.079456,73.833231,Anganwadi Centre
MS000690,WRK00335,before,2022-11-11,9b0e70ad922bda48,21.660743,70.50137,Sports Facility
MS000691,WRK00335,during,2022-12-21,ce5b961f585d4011,21.660448,70.502265,Sports Facility
MS000692,WRK00336,before,2021-06-27,c8f216c15fcc997d,25.178973,74.121034,Road Construction
MS000693,WRK00337,before,2021-11-12,fe22eba1ad3d581e,25.293115,84.936098,Anganwadi Centre
MS000694,WRK00337,during,2021-12-27,afc8d769026e6d11,25.293167,84.936142,Anganwadi Centre
MS000695,WRK00338,before,2021-04-01,c4246277854494ab,27.499776,91.799529,Road Construction
MS000696,WRK00339,before,2022-08-10,83997ac58f43a250,24.074466,71.90836,Health Centre
MS000697,WRK00339,during,2022-09-16,5ec2322ff978d269,24.075407,71.90761,Health Centre
MS000698,WRK00340,before,2022-08-04,076c108d214c87b1,22.921165,70.268252,Bridge Construction
MS000699,WRK00340,during,2022-09-18,705faecd2edff02e,22.921708,70.268395,Bridge Construction
MS000700,WRK00340,after,2022-12-02,496d036a8092189b,22.920687,70.267816,Bridge Construction
MS000701,WRK00341,before,2022-01-02,ec3b9258f943375e,25.395815,90.948896,Road Construction
MS000702,WRK00341,during,2022-02-05,4e3fd50bf28c635f,25.395961,90.948029,Road Construction
MS000703,WRK00342,before,2023-08-12,b319f18d2ef03a1b,29.496537,81.788066,Bridge Construction
MS000704,WRK00342,during,2023-09-26,3d730c3bbade33a0,29.497765,81.788207,Bridge Construction
MS000705,WRK00342,after,2023-12-10,15a75ed90eb2858f,29.497476,81.788849,Bridge Construction
MS000706,WRK00343,before,2023-09-01,67db09431a59c3eb,23.632974,71.967649,Anganwadi Centre
MS000707,WRK00343,during,2023-10-22,6c8a30c1f2ca2002,23.632785,71.969095,Anganwadi Centre
MS000708,WRK00344,before,2023-04-01,6e5fbf719749d2b0,20.115369,81.802989,Health Centre
MS000709,WRK00344,during,2023-04-29,ad411244ff79f0f4,20.115956,81.803269,Health Centre
MS000710,WRK00345,before,2021-06-09,f4b4c7044edb6dc8,22.229243,71.652742,Water Supply
MS000711,WRK00346,before,2021-05-06,26330c43a92f85fe,30.268664,80.242869,Health Centre
MS000712,WRK00346,during,2021-06-20,6ccb6ae1b6d331ca,30.268364,80.242875,Health Centre
MS000713,WRK00346,after,2021-09-03,fe85544c3e859c67,30.268416,80.24321,Health Centre
MS000714,WRK00347,before,2022-10-11,02141a68952d986c,30.804446,76.845233,School Building
MS000715,WRK00347,during,2022-12-03,f6f3219272dadc21,30.803705,76.846719,School Building
MS000716,WRK00348,before,2021-04-19,5170ca8aa00e0b60,26.434954,86.763967,Road Construction
MS000717,WRK00348,during,2021-06-11,d6e381035df70cc1,26.433847,86.764254,Road Construction
MS000718,WRK00349,before,2022-01-21,125df20602f865f8,19.184549,86.723504,School Building
MS000719,WRK00349,during,2022-02-13,f8401eea5f8f8538,19.184104,86.724318,School Building
MS000720,WRK00350,before,2023-05-02,39ca28265af56a23,31.827885,77.577036,Bridge Construction
MS000721,WRK00351,before,2023-01-22,bb3607b0baed6f49,32.041189,78.96926,Boundary Wall
MS000722,WRK00352,before,2021-07-01,c74d8df088f7f097,12.409706,77.512153,Boundary Wall
MS000723,WRK00352,during,2021-08-09,bcef40f800926d61,12.409919,77.512342,Boundary Wall
MS000724,WRK00353,before,2022-08-27,a119ceee0fb91307,32.093518,76.734569,Health Centre
MS000725,WRK00353,during,2022-10-11,a499eb92f589de14,32.092932,76.734508,Health Centre
MS000726,WRK00353,after,2022-12-25,768ae6fbef775124,32.093474,76.734432,Health Centre
MS000727,WRK00354,before,2021-06-18,9a940c6c1c8e806b,25.022791,77.049337,Road Construction
MS000728,WRK00354,during,2021-07-11,4c60b543541bf89c,25.022788,77.048369,Road Construction
MS000729,WRK00355,before,2022-04-29,d25c7d37ef16d03b,24.406451,88.219863,School Building
MS000730,WRK00355,during,2022-06-13,0244e4d75ac2a176,24.405317,88.220345,School Building
MS000731,WRK00355,after,2022-08-27,8772df4a15b1c4a6,24.405911,88.219811,School Building
MS000732,WRK00356,before,2021-12-09,79ea5621661423a7,27.046981,90.429968,Street Lighting
MS000733,WRK00356,during,2022-01-05,a819213dc4fa84a4,27.046028,90.430717,Street Lighting
MS000734,WRK00357,before,2023-03-10,50d0f83dadb1be7a,19.886544,83.161426,Drainage Works
MS000735,WRK00357,during,2023-04-24,2ea37b78e466c937,19.886777,83.161281,Drainage Works
MS000736,WRK00357,after,2023-07-08,7046425dfd474d95,19.88695,83.16154,Drainage Works
MS000737,WRK00358,before,2023-06-04,c5ed3982760b3673,28.77616,71.747431,Community Hall
MS000738,WRK00359,before,2022-01-04,b9aa06f5382bab11,30.733544,75.428939,Boundary Wall
MS000739,WRK00359,during,2022-01-24,1c54956f32ce93db,30.7333,75.42755,Boundary Wall
MS000740,WRK00360,before,2022-03-21,1c6057fee5605cfb,29.050637,79.897103,Road Construction
MS000741,WRK00360,during,2022-05-05,290a3d6708175dd0,29.050989,79.898118,Road Construction
MS000742,WRK00361,before,2022-10-25,f4a29332421becca,28.95185,80.010065,Water Supply
MS000743,WRK00361,during,2022-12-09,6bcce72a1e692c3f,28.951173,80.009265,Water Supply
MS000744,WRK00361,after,2023-02-22,b6ddbd11ae864837,28.950654,80.009684,Water Supply
MS000745,WRK00362,before,2023-10-05,1a71064d424d9430,30.955562,77.887182,Library Building
MS000746,WRK00362,during,2023-11-19,ec6e8294b9dac779,30.955507,77.887896,Library Building
MS000747,WRK00362,after,2024-02-02,1c17729f21a496a8,30.955817,77.887841,Library Building
MS000748,WRK00363,before,2021-11-01,83f023fd00f2baa4,8.918185,77.58529,Road Construction
MS000749,WRK00363,during,2021-11-29,af374e8cc4735700,8.918301,77.585549,Road Construction
MS000750,WRK00364,before,2021-01-07,a1dc9cab0e213ce5,29.311395,93.618403,Road Construction
MS000751,WRK00365,before,2022-08-17,e57e72d363dde733,22.444403,85.430376,Road Construction
MS000752,WRK00365,during,2022-10-01,483fca724a1a7c2e,22.444042,85.430884,Road Construction
MS000753,WRK00365,after,2022-12-15,9e1be56d3f6c5de5,22.443563,85.430495,Road Construction
MS000754,WRK00366,before,2022-01-31,d5916d49f7073712,29.05249,81.989265,School Building
MS000755,WRK00366,during,2022-03-07,fe87a17b4376bff9,29.053094,81.990171,School Building
MS000756,WRK00367,before,2021-03-29,94500024bdb58d06,11.703407,78.125118,Road Construction
MS000757,WRK00367,during,2021-05-13,cf590b8ec86022c4,11.702938,78.125494,Road Construction
MS000758,WRK00367,after,2021-07-27,2e625a6f9c711439,11.703062,78.125677,Road Construction
MS000759,WRK00368,before,2021-04-04,2bb24cbc9c794cdb,21.784954,87.059664,Road Construction
MS000760,WRK00368,during,2021-06-03,66ba7e5121de2360,21.784097,87.060842,Road Construction
MS000761,WRK00369,before,2022-03-28,f9d185071eece891,26.06934,76.641267,Anganwadi Centre
MS000762,WRK00370,before,2021-05-10,ecf912453e5f7e23,24.992498,79.910799,Cremation Ground
MS000763,WRK00370,during,2021-06-24,615eca800d0b6920,24.992198,79.911141,Cremation Ground
MS000764,WRK00370,after,2021-09-07,fae96dd3a2209a31,24.991945,79.911188,Cremation Ground
MS000765,WRK00371,before,2023-09-25,ceb28a32b189727f,28.940651,79.881161,School Building
MS000766,WRK00371,during,2023-11-09,0d394b57a4d4df15,28.9404,79.880766,School Building
MS000767,WRK00371,after,2024-01-23,f1685db847d28391,28.940467,79.88101,School Building
MS000768,WRK00372,before,2023-04-24,012b809e6b358d15,27.149011,84.321534,Water Supply
MS000769,WRK00373,before,2023-11-06,28e601302d238ed1,23.810572,70.813365,Community Hall
MS000770,WRK00373,during,2023-11-28,364429395256f928,23.810981,70.812768,Community Hall
MS000771,WRK00374,before,2022-11-16,2875ad5d2d06f862,16.809009,74.199156,School Building
MS000772,WRK00375,before,2022-10-30,3cb3c9fa191abb3d,26.016596,83.020198,Street Lighting
MS000773,WRK00375,during,2022-12-14,4dea5200559383cf,26.016394,83.020482,Street Lighting
MS000774,WRK00375,after,2023-02-27,8d40aeb2aed690cc,26.017341,83.019621,Street Lighting
MS000775,WRK00376,before,2021-04-22,31b42308b8463413,24.093248,87.388542,Anganwadi Centre
MS000776,WRK00376,during,2021-06-06,c75ffb36be30cae9,24.093576,87.388219,Anganwadi Centre
MS000777,WRK00376,after,2021-08-20,a676ace13cfe18e9,24.093126,87.388187,Anganwadi Centre
MS000778,WRK00377,before,2021-05-03,4b8fb475e2ebb2d2,22.20887,69.195077,Road Construction
MS000779,WRK00377,during,2021-06-17,be1a35c9a12ac11c,22.209609,69.194975,Road Construction
MS000780,WRK00377,after,2021-08-31,e9846baaf7e47c8c,22.210015,69.196181,Road Construction
MS000781,WRK00378,before,2022-04-16,6d98a416bae27198,30.297562,80.53017,Cremation Ground
MS000782,WRK00378,during,2022-05-18,f11afc00132b4f36,30.297335,80.5292,Cremation Ground
MS000783,WRK00379,before,2021-01-11,cc4ae02ccf4994e0,28.062551,94.012414,Cremation Ground
MS000784,WRK00380,before,2023-04-13,296be9034e09c596,25.191121,86.172342,Sports Facility
MS000785,WRK00380,during,2023-05-28,20b998300b373468,25.191106,86.172071,Sports Facility
MS000786,WRK00380,after,2023-08-11,e43f05c840a582f7,25.192091,86.172552,Sports Facility
MS000787,WRK00381,before,2021-10-11,b0d508a9e4b81e89,31.40089,76.467851,Street Lighting
MS000788,WRK00381,during,2021-12-05,a13ecf1572cfbb0e,31.400519,76.467878,Street Lighting
MS000789,WRK00382,before,2022-03-01,620956a81c684db0,10.879552,80.022052,Sports Facility
MS000790,WRK00382,during,2022-03-25,80fd963df3d36295,10.879995,80.02153,Sports Facility
MS000791,WRK00383,before,2022-02-24,c0cffa7335b50ec5,14.849129,78.320775,Sports Facility
MS000792,WRK00384,before,2021-05-10,9ef6a99f73b4daf3,8.761978,79.181362,Drainage Works
MS000793,WRK00384,during,2021-06-17,f8f40e49cb5d2aff,8.76291,79.181616,Drainage Works
MS000794,WRK00385,before,2023-03-12,dfff8cea26870a98,24.610725,79.197457,Street Lighting
MS000795,WRK00385,during,2023-04-26,8373edf3dec91438,24.61155,79.196636,Street Lighting
MS000796,WRK00385,after,2023-07-10,82601132c02fb24f,24.610705,79.197607,Street Lighting
MS000797,WRK00386,before,2023-08-29,6964a11255fc0f2b,23.158818,76.557046,Sports Facility
MS000798,WRK00386,during,2023-10-13,28f5f5c200ebf725,23.158767,76.557648,Sports Facility
MS000799,WRK00387,before,2023-12-22,5f34fd6c7bf75b57,23.731547,69.199574,Cremation Ground
MS000800,WRK00387,during,2024-01-11,80fa33637497c7d9,23.731301,69.199157,Cremation Ground
MS000801,WRK00388,before,2021-12-07,1dee4b6d3ce75d1e,22.499265,88.702821,Health Centre
MS000802,WRK00389,before,2021-03-13,06617f95eba18fa8,26.027648,84.112462,Community Hall
MS000803,WRK00389,during,2021-04-19,8897c4970bad4234,26.027197,84.112251,Community Hall
MS000804,WRK00390,before,2023-11-06,ccb1063d25a74338,27.403373,87.070448,Bridge Construction
MS000805,WRK00390,during,2023-12-05,453b37f5220a69d3,27.403275,87.070082,Bridge Construction
MS000806,WRK00391,before,2021-10-13,9bafcc200e16af3f,23.968738,70.953769,Anganwadi Centre
MS000807,WRK00391,during,2021-11-17,005bbf731dbe4a3c,23.968248,70.954434,Anganwadi Centre
MS000808,WRK00392,before,2023-07-02,aab133bae88ffab5,10.748261,78.733975,Road Construction
MS000809,WRK00392,during,2023-08-14,8c9d4a84e24cee91,10.748174,78.732786,Road Construction
MS000810,WRK00393,before,2022-08-06,29ee29f449e3eb48,27.225221,96.738833,Drainage Works
MS000811,WRK00393,during,2022-10-04,d0e04655a03e9b5d,27.224812,96.737815,Drainage Works
MS000812,WRK00394,before,2021-10-22,ea16ce6ea388ca32,28.312504,93.717827,Cremation Ground
MS000813,WRK00394,during,2021-11-28,a845f72389924e2d,28.313657,93.717511,Cremation Ground
MS000814,WRK00395,before,2023-02-21,397a284f76a4c79b,32.00319,74.742552,School Building
MS000815,WRK00395,during,2023-04-19,f216880d61c9815e,32.003977,74.742762,School Building
MS000816,WRK00396,before,2022-08-13,f87ae6defe8c9aab,27.642651,69.750378,Bridge Construction
MS000817,WRK00396,during,2022-09-27,71330766d11ce313,27.642056,69.74992,Bridge Construction
MS000818,WRK00396,after,2022-12-11,a13a9da294e7eb2a,27.6429,69.750705,Bridge Construction
MS000819,WRK00397,before,2023-09-02,94e74f2629b05b37,31.419112,78.191603,Drainage Works
MS000820,WRK00398,before,2023-01-10,a0c69223c4359252,24.518601,89.639535,School Building
MS000821,WRK00398,during,2023-02-26,7ef74fdb17fc2335,24.518332,89.638402,School Building
MS000822,WRK00399,before,2022-09-09,5f7ddbb1480afe9f,17.498352,73.792841,Health Centre
MS000823,WRK00399,during,2022-10-10,2e2f2127babf3375,17.499011,73.792133,Health Centre
MS000824,WRK00400,before,2022-03-29,8d15baefb6697d0a,18.616254,78.323629,School Building
MS000825,WRK00401,before,2021-02-05,4dffc9aab5bbabce,27.147393,86.287739,Bridge Construction
MS000826,WRK00401,during,2021-03-22,1271c87324bde1a8,27.147018,86.28817,Bridge Construction
MS000827,WRK00402,before,2022-03-06,32440f070ae263e0,22.137026,85.876955,Water Supply
MS000828,WRK00403,before,2022-06-03,e6b36561966d2735,31.763973,76.224737,Anganwadi Centre
MS000829,WRK00403,during,2022-07-18,ced89c97c01d1c62,31.762949,76.224673,Anganwadi Centre
MS000830,WRK00403,after,2022-10-01,054da360624d3473,31.763091,76.224528,Anganwadi Centre
MS000831,WRK00404,before,2022-12-14,d1d06bcd195efd72,28.636077,78.938563,Water Supply
MS000832,WRK00404,during,2023-01-28,3f93672421d67c73,28.63599,78.937471,Water Supply
MS000833,WRK00404,after,2023-04-13,a09c4325f047fbeb,28.635745,78.93833,Water Supply
MS000834,WRK00405,before,2021-01-09,2f64672f96e1a522,27.176564,82.479417,School Building
MS000835,WRK00405,during,2021-02-23,bc731d478ad8c568,27.177726,82.479516,School Building
MS000836,WRK00405,after,2021-05-09,33cb59ef15c04765,27.17675,82.479366,School Building
MS000837,WRK00406,before,2022-04-12,5c7ae8efc3245e35,12.365872,74.507918,Drainage Works
MS000838,WRK00406,during,2022-05-27,54edfb704eb0c866,12.365278,74.507077,Drainage Works
MS000839,WRK00406,after,2022-08-10,b1299cb78b248c7e,12.364974,74.507518,Drainage Works
MS000840,WRK00407,before,2022-08-04,db5586423054366b,26.78618,81.309122,Anganwadi Centre
MS000841,WRK00407,during,2022-08-25,1a41c57f4bf70dc6,26.78573,81.310303,Anganwadi Centre
MS000842,WRK00408,before,2023-10-04,b1edf3d3668f5032,16.109323,74.391644,Road Construction
MS000843,WRK00408,during,2023-11-18,3a0761d90624ebdf,16.109733,74.390499,Road Construction
MS000844,WRK00408,after,2024-02-01,496ec0c9a7c5f960,16.109444,74.391594,Road Construction
MS000845,WRK00409,before,2022-11-25,c19d11c545e18b77,17.893671,76.742939,Community Hall
MS000846,WRK00409,during,2023-01-08,1cc6d08ae6d037c6,17.893391,76.743355,Community Hall
MS000847,WRK00410,before,2023-09-20,f14152c7a0dcec7d,12.255861,75.153844,Library Building
MS000848,WRK00410,during,2023-11-04,5b7887ed4824faf3,12.255648,75.152928,Library Building
MS000849,WRK00410,after,2024-01-18,ec5eac705c494d63,12.256867,75.152562,Library Building
MS000850,WRK00411,before,2023-02-23,774d34f5caf07226,24.526319,77.681022,Road Construction
MS000851,WRK00411,during,2023-03-17,55b8572087cd9444,24.526312,77.681814,Road Construction
MS000852,WRK00412,before,2021-02-06,75ac0819714b5c03,19.550748,78.964952,Sports Facility
MS000853,WRK00412,during,2021-03-23,9ff0287a4d334878,19.551707,78.964466,Sports Facility
MS000854,WRK00412,after,2021-06-06,45665e791a9aab54,19.551849,78.964944,Sports Facility
MS000855,WRK00413,before,2022-10-02,8feff87b79d54e9f,27.753013,75.531636,Anganwadi Centre
MS000856,WRK00413,during,2022-11-07,c9f279a8138cf37a,27.75185,75.531996,Anganwadi Centre
MS000857,WRK00414,before,2022-12-24,06e2e861957edc3c,8.343135,79.715349,Cremation Ground
MS000858,WRK00415,before,2023-04-24,de72d97010c49f9e,24.689021,72.246303,Community Hall
MS000859,WRK00415,during,2023-06-08,cbfe68f0b8a9f704,24.689689,72.246442,Community Hall
MS000860,WRK00415,after,2023-08-22,1cf85164113b776e,24.689391,72.247203,Community Hall
MS000861,WRK00416,before,2023-05-16,63eac0a19202b09c,20.054049,81.535371,Road Construction
MS000862,WRK00416,during,2023-06-22,2e8f2f7f20a62edf,20.054945,81.535416,Road Construction
MS000863,WRK00417,before,2022-11-27,4990225836cdf42f,27.575089,78.072458,Health Centre
MS000864,WRK00417,during,2023-01-17,9a0bd63d69f841b0,27.57562,78.071874,Health Centre
MS000865,WRK00418,before,2021-07-08,87f3c9a4cd1a810d,24.469895,91.822323,Library Building
MS000866,WRK00419,before,2023-06-06,04c32fede182701b,27.962097,80.544617,Boundary Wall
MS000867,WRK00419,during,2023-07-11,88a5316f89eb56c1,27.962254,80.544596,Boundary Wall
MS000868,WRK00420,before,2023-08-16,5d411ac5335dab46,32.220119,76.696664,School Building
MS000869,WRK00421,before,2023-09-03,b319f18d2ef03a1b,29.497569,81.78915,Bridge Construction
MS000870,WRK00421,during,2023-10-18,b18925a6c6cec51b,29.497707,81.788643,Bridge Construction
MS000871,WRK00421,after,2024-01-01,3c359ce2165607c0,29.497061,81.788616,Bridge Construction
MS000872,WRK00422,before,2023-10-16,ceb28a32b189727f,28.941509,79.881065,School Building
MS000873,WRK00422,during,2023-11-30,f5264ea279533cb7,28.940478,79.880651,School Building
MS000874,WRK00422,after,2024-02-13,596ed71ce94f03ec,28.940805,79.881865,School Building
MS000875,WRK00423,before,2021-05-21,d7b102a92332a50e,22.33749,85.475291,School Building
MS000876,WRK00423,during,2021-07-05,24e65ffd75dc037d,22.337572,85.475931,School Building
MS000877,WRK00423,after,2021-09-18,e9b758eeee6c69f7,22.336977,85.475402,School Building
MS000878,WRK00424,before,2023-10-24,b1edf3d3668f5032,16.109056,74.391089,Road Construction
MS000879,WRK00424,during,2023-12-08,f64909e81e032a65,16.109733,74.390185,Road Construction
MS000880,WRK00424,after,2024-02-21,06beab4abbab3b0e,16.109734,74.390606,Road Construction
MS000881,WRK00425,before,2022-07-02,6b6e64c5bb8aa843,20.596615,68.107405,Road Construction
MS000882,WRK00425,during,2022-08-16,12e29c2a94e4339d,20.597223,68.108154,Road Construction
MS000883,WRK00425,after,2022-10-30,07ba408b287e09f1,20.596748,68.107459,Road Construction
MS000884,WRK00426,before,2022-06-07,d8b48ead93608edf,9.53894,79.627623,Anganwadi Centre
MS000885,WRK00426,during,2022-07-22,d04f6197d4c0df28,9.539186,79.628721,Anganwadi Centre
MS000886,WRK00426,after,2022-10-05,be59d03578428071,9.538789,79.628374,Anganwadi Centre
MS000887,WRK00427,before,2023-09-23,2dea2d2d086c405f,29.665262,77.413596,Road Construction
MS000888,WRK00427,during,2023-11-07,565bb785b8f985fc,29.664536,77.413885,Road Construction
MS000889,WRK00427,after,2024-01-21,4969b2a10361b157,29.664058,77.412917,Road Construction
MS000890,WRK00428,before,2021-04-03,75ac0819714b5c03,19.551092,78.964614,Sports Facility
MS000891,WRK00428,during,2021-05-18,80d7f8052c6fc084,19.550399,78.964297,Sports Facility
MS000892,WRK00428,after,2021-08-01,ae0e289b6c726915,19.551531,78.964385,Sports Facility
MS000893,WRK00429,before,2021-02-24,2f64672f96e1a522,27.177351,82.478606,School Building
MS000894,WRK00429,during,2021-04-10,807ab6589272dc48,27.176768,82.478556,School Building
MS000895,WRK00429,after,2021-06-24,2824162dee7385d8,27.176719,82.478338,School Building
MS000896,WRK00430,before,2021-02-06,acf5e81e71316269,18.732095,78.035206,Cremation Ground
MS000897,WRK00430,during,2021-03-23,363cbc32be3e1402,18.732128,78.033847,Cremation Ground
MS000898,WRK00430,after,2021-06-06,2f068e12646d2e33,18.732735,78.035243,Cremation Ground
MS000899,WRK00431,before,2022-07-24,f50bea63371ecd7b,24.937937,80.311199,Drainage Works
MS000900,WRK00432,before,2023-02-18,2bcfbe01a28defe3,24.508419,71.849646,Water Supply
MS000901,WRK00432,during,2023-04-08,d3c6e5a067b4a019,24.508279,71.848702,Water Supply
MS000902,WRK00433,before,2023-07-29,956269f0e5d7b875,22.682108,69.781428,Anganwadi Centre
MS000903,WRK00433,during,2023-09-12,1bc02912451972c4,22.681724,69.781332,Anganwadi Centre
MS000904,WRK00433,after,2023-11-26,d8bb62b7c75f41dc,22.682057,69.78114,Anganwadi Centre
MS000905,WRK00434,before,2021-11-02,e623a6895d59cd2a,28.201838,94.0351,Bridge Construction
MS000906,WRK00434,during,2021-12-17,98dc4031363fbae9,28.20162,94.03641,Bridge Construction
MS000907,WRK00434,after,2022-03-02,8d3ba57f300ffa68,28.201894,94.036442,Bridge Construction
MS000908,WRK00435,before,2021-08-05,eb6c1016cee624d0,20.909857,71.438541,Drainage Works
MS000909,WRK00436,before,2022-05-30,430f801dfad409e2,21.37283,68.12199,Water Supply
MS000910,WRK00436,during,2022-07-14,ca4c3b4dfc8ade6a,21.372706,68.121994,Water Supply
MS000911,WRK00436,after,2022-09-27,f189d0b117dcabf5,21.372454,68.123434,Water Supply
MS000912,WRK00437,before,2022-10-27,10f1bc81448aaa9e,24.993649,89.902959,Sports Facility
MS000913,WRK00438,before,2021-01-01,acf5e81e71316269,18.731918,78.033775,Cremation Ground
MS000914,WRK00438,during,2021-02-15,b9c6b26b6401118d,18.731711,78.033495,Cremation Ground
MS000915,WRK00438,after,2021-05-01,18ede297acb83fce,18.731676,78.034659,Cremation Ground
MS000916,WRK00439,before,2023-12-05,544c14d1503ba8c3,18.83904,79.017487,Boundary Wall
MS000917,WRK00439,during,2024-01-19,2672a20cc66a5821,18.83835,79.017934,Boundary Wall
MS000918,WRK00439,after,2024-04-03,961b92217a199807,18.839565,79.016781,Boundary Wall
MS000919,WRK00440,before,2023-12-17,2cd6e8df1b5829c9,20.651214,74.40975,Boundary Wall
MS000920,WRK00440,during,2024-01-31,e29cb897142925a0,20.651882,74.410166,Boundary Wall
MS000921,WRK00440,after,2024-04-15,e2682c9f3b482d28,20.651292,74.409749,Boundary Wall
MS000922,WRK00441,before,2023-06-20,3f10938caec7f267,17.30853,76.117714,Boundary Wall
MS000923,WRK00441,during,2023-08-04,f6b2e778fe508d4d,17.309048,76.118126,Boundary Wall
MS000924,WRK00441,after,2023-10-18,a6c1d1369bd65068,17.309079,76.117789,Boundary Wall
MS000925,WRK00442,before,2023-06-28,08e945489b16acb8,15.713726,80.623932,Boundary Wall
MS000926,WRK00442,during,2023-08-12,5c3db15c4a74982e,15.713978,80.62514,Boundary Wall
MS000927,WRK00442,after,2023-10-26,e403999b0a3e4918,15.714107,80.624756,Boundary Wall
MS000928,WRK00443,before,2022-06-03,6372d63571414f58,18.488143,74.562723,Boundary Wall
MS000929,WRK00443,during,2022-07-18,133316799b5c4b58,18.489176,74.562071,Boundary Wall
MS000930,WRK00443,after,2022-10-01,7f5da7f8fe914b95,18.487939,74.561235,Boundary Wall
MS000931,WRK00444,before,2022-06-13,4c23e8443c4722f3,16.087735,79.428189,Boundary Wall
MS000932,WRK00444,during,2022-07-28,f80ceb1ade16afca,16.087779,79.429065,Boundary Wall
MS000933,WRK00444,after,2022-10-11,1817dac57fb8b6c6,16.087287,79.42798,Boundary Wall
MS000934,WRK00445,before,2021-01-01,acf5e81e71316269,18.731624,78.033402,Cremation Ground
MS000935,WRK00445,during,2021-02-15,5d0314d893964405,18.731707,78.033406,Cremation Ground
MS000936,WRK00445,after,2021-05-01,c59de4aab5ed7ce8,18.726413,78.072252,Cremation Ground
MS000937,WRK00446,before,2021-11-02,e623a6895d59cd2a,28.202267,94.036535,Bridge Construction
MS000938,WRK00446,during,2021-12-17,418af089fa7de961,28.202701,94.035647,Bridge Construction
MS000939,WRK00446,after,2022-03-02,23f459beec95ccf1,28.203897,94.0262,Bridge Construction
MS000940,WRK00447,before,2023-09-27,6f18c1081723199d,20.830205,87.018393,Health Centre
MS000941,WRK00447,during,2023-11-11,0a22be567cfe8ab0,20.829377,87.01734,Health Centre
MS000942,WRK00447,after,2024-01-25,db646a3368b666d6,20.827539,86.991197,Health Centre
MS000943,WRK00448,before,2022-06-09,9050f7efc1235c91,16.814239,74.346896,Water Supply
MS000944,WRK00448,during,2022-07-24,5de22a7d70da1528,16.814085,74.346812,Water Supply
MS000945,WRK00448,after,2022-10-07,5fa9b21a504b10c8,16.793202,74.384716,Water Supply
MS000946,WRK00449,before,2023-11-25,7da67785b63b4dc3,10.737721,79.384165,Water Supply
MS000947,WRK00449,during,2024-01-09,4348a88773393f5d,10.738862,79.385011,Water Supply
MS000948,WRK00449,after,2024-03-24,9ee08a700aecc94d,10.757575,79.373284,Water Supply
MS000949,WRK00450,before,2022-08-29,6f5842c3ff86cc31,21.717462,68.370678,Road Construction
MS000950,WRK00450,during,2022-09-21,8f909d9dd23c7585,21.716409,68.371619,Road Construction
MS000951,WRK00451,before,2023-08-06,269ed4c980599b93,27.61559,78.530734,Library Building
MS000952,WRK00451,during,2023-09-13,12aebb0eda948cdf,27.61537,78.531227,Library Building
MS000953,WRK00452,before,2021-10-24,ca3dd859c5ce099c,32.539121,76.16387,Water Supply
MS000954,WRK00452,during,2021-12-08,a479dce277eee00f,32.538928,76.164671,Water Supply
MS000955,WRK00452,after,2022-02-21,15f877681bef39f1,32.536012,76.138224,Water Supply
MS000956,WRK00453,before,2021-05-04,b8e19f568787ea21,15.635247,77.178057,Boundary Wall
MS000957,WRK00454,before,2021-03-22,c643530068a51c68,20.830894,70.486095,Boundary Wall
MS000958,WRK00455,before,2021-12-21,313839757bf33a34,32.615873,78.150976,Drainage Works
MS000959,WRK00456,before,2022-11-28,2dbc2134c30ff46e,23.02274,75.854164,Water Supply
MS000960,WRK00457,before,2021-06-04,17e011b7f8102383,20.222371,73.412202,Street Lighting
MS000961,WRK00458,before,2021-12-06,7e695d0d8a3c3b5e,25.425812,88.668294,Bridge Construction
MS000962,WRK00459,before,2022-09-06,cbf81f864ec3f970,21.794381,72.412431,Boundary Wall
MS000963,WRK00460,before,2022-01-08,f3821cfdc083b73a,26.856191,79.664433,Bridge Construction
MS000964,WRK00461,before,2021-10-13,37f8a88b17fc695a,26.926227,74.696444,Water Supply
MS000965,WRK00462,before,2022-08-18,7e7838c9ca55e38b,20.658968,69.386695,Road Construction
MS000966,WRK00463,before,2021-05-03,f7e8f8e50d2b91ef,27.791972,96.654058,Community Hall
MS000967,WRK00463,during,2021-05-26,fa82f65d6e1babe2,27.791307,96.653559,Community Hall
MS000968,WRK00464,before,2021-04-22,e17f29e170286046,24.301937,91.382744,Sports Facility
MS000969,WRK00464,during,2021-05-13,4087be6a4514c416,24.301481,91.381797,Sports Facility
MS000970,WRK00465,before,2022-12-26,698c206fe1a47e10,17.980022,75.08836,Water Supply
MS000971,WRK00465,during,2023-01-19,b6532dbadfafc6cf,17.980277,75.088871,Water Supply
MS000972,WRK00466,before,2022-06-27,f4e7069aa4540937,31.354569,73.893481,Road Construction
MS000973,WRK00466,during,2022-07-30,0dc20df3d49edd91,31.353739,73.894562,Road Construction
MS000974,WRK00467,before,2023-02-04,c1b5b5cabc3536df,25.041057,93.839436,Road Construction
MS000975,WRK00467,during,2023-03-17,596a2b3632d7cc22,25.041026,93.839729,Road Construction
MS000976,WRK00468,before,2022-08-03,ef04e57dcdccc33a,31.093935,78.389672,Road Construction
MS000977,WRK00468,during,2022-09-26,6fd1134eb25a4809,31.093455,78.390566,Road Construction
MS000978,WRK00469,before,2023-01-30,1d0af7f7f5e4a471,10.081994,77.520508,Bridge Construction
MS000979,WRK00469,during,2023-03-15,98dd6c3ce4ceb832,10.081097,77.520744,Bridge Construction
MS000980,WRK00470,before,2023-08-28,45f1861954f90429,25.060165,77.086539,Drainage Works
MS000981,WRK00470,during,2023-10-24,d2d12566fc829c09,25.060629,77.087204,Drainage Works
MS000982,WRK00479,before,2022-04-27,5107256ebbae2fbd,24.04759,86.287322,Drainage Works
MS000983,WRK00479,during,2022-06-11,25c1ae41ef0ec9cb,24.048287,86.286409,Drainage Works
MS000984,WRK00479,after,2022-08-25,f8505ae9cac19d2e,24.048538,86.286325,Library Building
MS000985,WRK00480,before,2023-07-12,fcfd348c00f0f7fe,30.226919,78.87628,School Building
MS000986,WRK00480,during,2023-08-26,a261078d202f00a8,30.226917,78.876508,School Building
MS000987,WRK00480,after,2023-11-09,0957251718f23999,30.226586,78.876524,Library Building
MS000988,WRK00481,before,2022-08-10,8bcc4e8db24a4a6d,11.378545,77.679896,Anganwadi Centre
MS000989,WRK00481,during,2022-09-24,591c228f3754c5ec,11.377734,77.679295,Anganwadi Centre
MS000990,WRK00481,after,2022-12-08,93ab8d5eadfc1dc4,11.378805,77.679558,Drainage Works
MS000991,WRK00482,before,2022-04-12,4d4c3b8004251c71,18.431425,78.585821,Anganwadi Centre
MS000992,WRK00482,during,2022-05-27,1fef4fb0de2565fe,18.431141,78.586044,Anganwadi Centre
MS000993,WRK00482,after,2022-08-10,69ff6cc074bc405c,18.430726,78.585594,Community Hall
MS000994,WRK00483,before,2021-09-22,85ee751c6d0473e7,22.372869,86.474839,Cremation Ground
MS000995,WRK00483,during,2021-11-06,2d02223fed2532e5,22.372129,86.474897,Cremation Ground
MS000996,WRK00483,after,2022-01-20,984ad4638d814215,22.371703,86.474994,Anganwadi Centre
MS000997,WRK00484,before,2022-01-18,a8dbe9a1d857ec60,25.140482,90.220353,Drainage Works
MS000998,WRK00484,during,2022-03-04,b3bc57914882f6eb,25.140384,90.221127,Drainage Works
MS000999,WRK00484,after,2022-05-18,1966d047db642c52,25.140923,90.220938,Health Centre
MS001000,WRK00485,before,2022-05-06,16f283191a936d0c,25.197846,87.064646,School Building
MS001001,WRK00485,after,2022-08-04,16f283191a936d0c,25.197632,87.064527,School Building
MS001002,WRK00486,before,2021-01-11,9fb30a4dc0712a38,24.831212,92.527319,Community Hall
MS001003,WRK00486,after,2021-04-11,9fb30a4dc0712a38,24.830778,92.527795,Community Hall
MS001004,WRK00487,before,2023-07-12,aaef0d3e085acd62,30.226801,78.875644,School Building
MS001005,WRK00487,after,2023-10-10,aaef0d3e085acd62,30.226741,78.87568,School Building
MS001006,WRK00488,before,2021-10-18,1d4ff1c8618e72a7,10.070132,76.504605,Bridge Construction
MS001007,WRK00488,after,2022-01-16,1d4ff1c8618e72a7,10.070068,76.50506,Bridge Construction
MS001008,WRK00489,before,2022-01-24,76c53d2be9fdd358,15.991853,76.74717,Road Construction
MS001009,WRK00489,after,2022-04-24,76c53d2be9fdd358,15.992114,76.747096,Road Construction
MS001010,WRK00490,before,2023-04-07,f08aba2101f268f5,22.636548,87.329447,Drainage Works
MS001011,WRK00490,after,2023-07-06,f08aba2101f268f5,22.636467,87.330085,Drainage Works
